WO,FASE,ARTICOLO,Descrizione Articolo,ID DAD,C.d.L. Prev,Descrizione Centro di Lavoro previsto,C.d.L. Effett,Cod CIC,Descrizione Macchina,Scarti Materiale,Scarti Lavoraz.,Pezzi Ripassati,Pezzi da Avanzare,Pezzi Mancanti,Tot pezzi Contegg.,Qta totale su AS/400,Qta opera su AS/400,Tempo Attrezz. ORE,Tempo Lavoraz. ORE,Durata Soste Ore,Buon Tempo Ciclo ORE,Tempo Macc AS400 ORE,Tempo Attr AS400 ORE,Data_Ora_Fine,Tempo_Teorico_TOT_ORE,Indice_Inefficienza
24028435,16019,1202602141.0,PC S45 C14,43,643.0,Prod.Dir.Dentatura/Skiving,643.0,43,43: KOEPFER 160/2,0,0,0,89.0,0,89.0,91.0,0.0,0.54,1.87,0.0,0.021,3.03,1.5,2025-01-07 11:28:44,1.869,1.0005350454788655
24026957,14019,1089930901.0,PS EX50 Z15 IR6.2 PAM,43,643.0,Prod.Dir.Dentatura/Skiving,643.0,43,43: KOEPFER 160/2,0,0,0,12.0,0,12.0,12.0,0.0,0.69,0.55,0.11,0.037,0.45,1.0,2025-01-07 15:09:21,0.444,1.2387387387387387
24023555,24044,1089956421.0,PS EX20 Z25 IR3.48 *28 AS,43,643.0,Prod.Dir.Dentatura/Skiving,643.0,43,43: KOEPFER 160/2,0,0,0,31.0,0,31.0,30.0,0.0,0.57,4.22,1.9,0.0738333333333333,2.48,1.02,2025-01-08 16:06:31,2.2888333333333333,1.8437340712153207
24025600,24044,1083000951.0,ALBERO MOTORE C19 GR80 A12B AS,43,643.0,Prod.Dir.Dentatura/Skiving,643.0,43,43: KOEPFER 160/2,0,0,0,100.0,2,100.0,200.0,0.0,0.58,3.24,0.56,0.0266666666666666,1.67,1.0,2025-01-08 23:43:03,2.666666666666667,1.215
24026907,20044,1089930561.0,PS EX10 Z19 IR4.26,43,643.0,Prod.Dir.Dentatura/Skiving,643.0,43,43: KOEPFER 160/2,0,1,0,231.0,0,232.0,230.0,0.0,2.4,7.79,0.93,0.0295,8.82,1.02,2025-01-09 20:55:13,6.844,1.1382232612507306
24028423,14019,1203002111.0,PC A35 A11,43,643.0,Prod.Dir.Dentatura/Skiving,643.0,43,43: KOEPFER 160/2,0,0,0,183.0,0,183.0,231.0,0.0,0.0,0.91,0.29,0.0033333333333333,1.54,1.02,2025-01-14 10:26:23,0.61,1.4918032786885247
24026787,14019,1204120101.0,PC A40-50/O-P63/P71 A10,43,643.0,Prod.Dir.Dentatura/Skiving,643.0,43,43: KOEPFER 160/2,0,0,0,69.0,0,69.0,111.0,0.0,0.0,0.33,0.1,0.0033333333333333,0.84,1.01,2025-01-14 11:41:27,0.23,1.434782608695652
24028400,14017,1204120131.0,PC A40-50/O-P63/P71 A12A,43,641.0,Prod.Dir.Dentatura Ingranaggi,643.0,43,43: KOEPFER 160/2,0,0,0,152.0,0,152.0,151.0,0.0,0.0,0.72,0.04,0.0043333333333333,2.27,1.01,2025-01-14 14:31:07,0.6586666666666666,1.0931174089068827
24027378,16019,1207300091.0,PC P90 C09,43,643.0,Prod.Dir.Dentatura/Skiving,643.0,43,43: KOEPFER 160/2,0,0,0,98.0,0,98.0,100.0,0.0,0.0,1.21,0.53,0.0068333333333333,3.75,1.02,2025-01-14 17:55:48,0.6696666666666666,1.8068690890990544
24021481,16017,1089991631.0,PC LM A13 ASA,43,643.0,Prod.Dir.Dentatura/Skiving,643.0,43,43: KOEPFER 160/2,0,0,0,201.0,0,201.0,200.0,0.0,0.33,1.77,0.77,0.0048333333333333,2.2,1.02,2025-01-14 20:38:09,0.9715,1.8219248584662893
22032785,14019,1204480141.0,PC A80-100/O-P112/P132 A14,43,643.0,Prod.Dir.Dentatura/Skiving,643.0,43,43: KOEPFER 160/2,0,0,0,200.0,0,200.0,200.0,0.0,0.65,1.94,0.0,0.0096666666666666,2.4,1.0,2025-01-15 00:06:41,1.933333333333333,1.003448275862069
24020218,24044,1089990331.0,PC GM3000 A13 *15X30 AS,43,643.0,Prod.Dir.Dentatura/Skiving,643.0,43,43: KOEPFER 160/2,0,0,0,775.0,0,775.0,351.0,0.0,2.23,34.82,4.54,0.039,7.9,1.02,2025-01-20 18:09:51,30.225,1.1520264681555004
24024798,22044,1204240131.0,PC A50-60/O-P71/P90 A12A,43,643.0,Prod.Dir.Dentatura/Skiving,643.0,43,43: KOEPFER 160/2,0,0,0,299.0,2,299.0,301.0,0.0,1.12,5.74,0.28,0.0181666666666666,2.56,1.02,2025-01-21 08:06:57,5.4318333333333335,1.056733454021049
24026244,20044,1203002121.0,PC A35 A12,43,643.0,Prod.Dir.Dentatura/Skiving,643.0,43,43: KOEPFER 160/2,0,0,0,189.0,0,189.0,200.0,0.0,0.42,4.84,0.01,0.0255,1.5,1.02,2025-01-21 17:03:58,4.819500000000001,1.004253553273161
24025246,22044,1204000141.0,PC A40 A14 3C,43,643.0,Prod.Dir.Dentatura/Skiving,643.0,43,43: KOEPFER 160/2,0,0,0,398.0,0,398.0,400.0,0.0,2.19,9.23,0.58,0.0216666666666666,3.33,1.02,2025-01-22 13:26:10,8.623333333333333,1.07035175879397
24025802,20044,1203002111.0,PC A35 A11,43,643.0,Prod.Dir.Dentatura/Skiving,643.0,43,43: KOEPFER 160/2,0,0,0,118.0,0,118.0,120.0,0.0,0.02,3.22,0.49,0.023,0.86,1.02,2025-01-23 11:03:20,2.714,1.186440677966102
24024694,22044,1204120171.0,PC A40-50/O-P63/P71 A17,43,643.0,Prod.Dir.Dentatura/Skiving,643.0,43,43: KOEPFER 160/2,0,0,0,144.0,4,144.0,150.0,0.0,0.02,6.0,2.68,0.0228333333333333,1.75,1.01,2025-01-23 17:18:01,3.2880000000000003,1.824817518248175
24030305,14019,1200400111.0,PC A32 A11,43,643.0,Prod.Dir.Dentatura/Skiving,643.0,43,43: KOEPFER 160/2,0,0,0,251.0,0,251.0,250.0,0.0,0.81,1.49,0.33,0.0045,2.09,1.02,2025-01-23 20:24:47,1.1295000000000002,1.31916777335104
24028374,14019,1200400191.0,PC 80 AP19,43,643.0,Prod.Dir.Dentatura/Skiving,643.0,43,43: KOEPFER 160/2,0,0,0,99.0,0,99.0,100.0,0.0,0.21,0.61,0.15,0.0046666666666666,0.78,1.02,2025-01-23 22:14:55,0.462,1.3203463203463202
24028389,14017,1201300171.0,PC 112 AP17,43,643.0,Prod.Dir.Dentatura/Skiving,643.0,43,43: KOEPFER 160/2,0,0,0,97.0,0,97.0,101.0,0.0,0.33,0.57,0.0,0.0058333333333333,0.0,0.0,2025-01-24 00:22:34,0.5658333333333333,1.0073637702503682
24026905,20044,1201600151.0,PC 132 AP15,43,643.0,Prod.Dir.Dentatura/Skiving,643.0,43,43: KOEPFER 160/2,0,0,0,101.0,0,101.0,101.0,0.0,0.14,3.51,0.08,0.0338333333333333,1.57,1.02,2025-01-27 09:53:27,3.4171666666666667,1.0271667560844753
24025967,18017,1201901001.0,PC ID250 USCITA Z=12 AS,43,643.0,Prod.Dir.Dentatura/Skiving,643.0,43,43: KOEPFER 160/2,0,0,0,680.0,0,680.0,860.0,0.0,0.0,4.72,1.82,0.0041666666666666,12.19,1.02,2025-01-27 16:37:19,2.833333333333333,1.6658823529411764
24028369,22044,1200100131.0,PC 63AP12,43,643.0,Prod.Dir.Dentatura/Skiving,643.0,43,43: KOEPFER 160/2,0,0,0,53.0,0,53.0,51.0,0.0,0.04,1.69,0.89,0.0146666666666666,1.15,1.02,2025-01-27 19:19:37,0.7773333333333333,2.17409948542024
24026243,20044,1203004091.0,PC A35 C09,43,643.0,Prod.Dir.Dentatura/Skiving,643.0,43,43: KOEPFER 160/2,0,0,0,502.0,0,502.0,500.0,0.0,1.48,12.36,1.23,0.022,4.83,1.02,2025-01-28 15:12:52,11.044,1.119159724737414
24026906,22044,1203063091.0,PC A41 C9,43,643.0,Prod.Dir.Dentatura/Skiving,643.0,43,43: KOEPFER 160/2,0,0,0,96.0,0,96.0,101.0,0.0,0.02,2.36,0.21,0.0223333333333333,0.0,0.0,2025-01-28 17:45:28,2.144,1.1007462686567162
24028450,20044,1089930521.0,PS EX20 Z19 IR4.26,43,643.0,Prod.Dir.Dentatura/Skiving,643.0,43,43: KOEPFER 160/2,0,0,0,295.0,2,295.0,300.0,0.0,2.55,16.32,0.77,0.0526666666666666,6.5,1.01,2025-01-30 00:15:34,15.536666666666669,1.0504183651576915
25000581,16019,1207300091.0,PC P90 C09,43,643.0,Prod.Dir.Dentatura/Skiving,643.0,43,43: KOEPFER 160/2,0,0,0,247.0,0,247.0,200.0,0.0,0.0,3.53,0.92,0.0105,7.5,1.02,2025-02-03 08:35:24,2.5935,1.3610950453055717
24027887,22044,1200700211.0,PC 90 AP21,43,643.0,Prod.Dir.Dentatura/Skiving,643.0,43,43: KOEPFER 160/2,0,0,0,151.0,0,151.0,150.0,0.0,0.48,4.93,0.0,0.0326666666666666,1.88,1.02,2025-02-03 15:33:29,4.932666666666666,0.999459386403568
24028400,22044,1204120131.0,PC A40-50/O-P63/P71 A12A,43,642.0,Prod.Dir.Rettifica Prof.Ingr.,643.0,43,43: KOEPFER 160/2,0,0,0,148.0,4,148.0,151.0,0.0,1.16,3.62,0.15,0.0233333333333333,3.78,1.02,2025-02-03 20:52:28,3.453333333333333,1.0482625482625485
24025428,22044,1204240121.0,PC A50-60/O-P71/P90 A12,43,643.0,Prod.Dir.Dentatura/Skiving,643.0,43,43: KOEPFER 160/2,0,0,0,496.0,1,496.0,500.0,0.0,0.88,11.01,0.1,0.022,5.17,1.02,2025-02-04 16:48:56,10.912,1.008980938416422
24026787,22044,1204120101.0,PC A40-50/O-P63/P71 A10,43,643.0,Prod.Dir.Dentatura/Skiving,643.0,43,43: KOEPFER 160/2,0,0,0,108.0,3,108.0,111.0,0.0,1.47,5.06,0.71,0.04,0.87,1.01,2025-02-05 18:10:04,4.32,1.171296296296296
24027815,20044,1203002101.0,PC A35 A10,43,643.0,Prod.Dir.Dentatura/Skiving,643.0,43,43: KOEPFER 160/2,0,0,0,246.0,0,246.0,250.0,0.0,2.21,8.92,0.51,0.034,1.67,1.02,2025-02-06 13:27:39,8.364,1.0664753706360592
24028423,20044,1203002111.0,PC A35 A11,43,643.0,Prod.Dir.Dentatura/Skiving,643.0,43,43: KOEPFER 160/2,0,0,0,231.0,10,231.0,231.0,0.0,0.7,5.78,0.5,0.0228333333333333,1.66,1.02,2025-02-06 22:44:10,5.2745,1.095838468101242
24026957,22044,1089930901.0,PS EX50 Z15 IR6.2 PAM,43,642.0,Prod.Dir.Rettifica Prof.Ingr.,643.0,43,43: KOEPFER 160/2,0,0,0,19.0,0,19.0,12.0,0.0,3.57,1.46,0.28,0.068,0.58,1.01,2025-02-10 14:03:02,1.292,1.130030959752322
24013570,22044,1089930411.0,PS EX20 Z19 IR4.26 PAM,43,643.0,Prod.Dir.Dentatura/Skiving,643.0,43,43: KOEPFER 160/2,1,0,0,24.0,0,25.0,25.0,0.0,1.13,3.05,0.37,0.1063333333333333,1.13,1.51,2025-02-10 18:22:26,2.658333333333333,1.1473354231974922
24026909,22044,1089930841.0,PS EX30 Z12 IR7.5 PAM,43,643.0,Prod.Dir.Dentatura/Skiving,643.0,43,43: KOEPFER 160/2,0,1,0,24.0,0,25.0,20.0,0.0,0.14,4.06,2.01,0.0935,0.67,1.01,2025-02-10 22:59:02,2.3375,1.736898395721925
22032785,22044,1204480141.0,PC A80-100/O-P112/P132 A14,43,643.0,Prod.Dir.Dentatura/Skiving,643.0,43,43: KOEPFER 160/2,0,0,0,200.0,0,200.0,200.0,0.0,0.61,9.85,0.97,0.0443333333333333,2.78,1.02,2025-02-11 20:26:12,8.866666666666667,1.1109022556390975
24031317,16019,1089945001.0,PS EX20 Z19 IR4.26 *28 AS,43,643.0,Prod.Dir.Dentatura/Skiving,643.0,43,43: KOEPFER 160/2,0,0,0,3.0,0,3.0,5.0,0.0,0.07,0.11,0.01,0.036,0.08,1.02,2025-02-12 09:30:09,0.108,1.0185185185185184
24026487,26044,1202602101.0,PC S45 C10,43,642.0,Prod.Dir.Rettifica Prof.Ingr.,643.0,43,43: KOEPFER 160/2,0,18,0,91.0,0,109.0,100.0,0.0,4.04,8.38,3.31,0.0461666666666666,0.0,0.0,2025-02-12 22:16:02,5.032166666666667,1.665286655847382
24028903,18044,1089993271.0,ALBEROUSCITA LM50 *19X30 Z15AS,43,643.0,Prod.Dir.Dentatura/Skiving,643.0,43,43: KOEPFER 160/2,0,0,0,480.0,0,480.0,1.4,0.0,0.73,5.0,0.23,0.0098333333333333,12.13,1.02,2025-02-13 19:18:09,4.72,1.0593220338983051
24029291,14019,1203004091.0,PC A35 C09,43,643.0,Prod.Dir.Dentatura/Skiving,643.0,43,43: KOEPFER 160/2,0,0,0,493.0,0,493.0,500.0,0.0,0.15,2.69,0.32,0.0046666666666666,3.17,1.02,2025-02-14 00:18:22,2.300666666666667,1.1692263112141408
24030753,16019,1089935091.0,PSEX10Z13IR5.77XRMI5063*25*OBS,43,643.0,Prod.Dir.Dentatura/Skiving,643.0,43,43: KOEPFER 160/2,0,0,0,182.0,0,182.0,180.0,0.0,0.36,1.82,0.54,0.007,7.53,1.01,2025-02-14 14:18:12,1.274,1.4285714285714286
25001179,14019,1204240131.0,PC A50-60/O-P71/P90 A12A,43,643.0,Prod.Dir.Dentatura/Skiving,643.0,43,43: KOEPFER 160/2,0,0,0,261.0,0,261.0,300.0,0.0,0.0,1.12,0.24,0.0033333333333333,2.15,1.02,2025-02-17 09:26:09,0.8700000000000001,1.2873563218390804
24030346,16019,1203072101.0,PC A45 C10,43,641.0,Prod.Dir.Dentatura Ingranaggi,643.0,43,43: KOEPFER 160/2,0,0,0,100.0,0,100.0,100.0,0.0,0.29,1.16,0.0,0.0115,2.0,1.02,2025-02-17 13:02:48,1.15,1.008695652173913
24030347,16019,1203072091.0,PC A45 C09,43,643.0,Prod.Dir.Dentatura/Skiving,643.0,43,43: KOEPFER 160/2,0,0,0,280.0,0,280.0,281.0,0.0,0.64,2.96,0.0,0.0105,2.25,1.02,2025-02-17 17:43:54,2.9400000000000004,1.0068027210884352
25001446,16019,1207300181.0,PC P90 C18,43,643.0,Prod.Dir.Dentatura/Skiving,643.0,43,43: KOEPFER 160/2,0,0,0,82.0,0,82.0,80.0,0.0,0.49,1.18,0.21,0.0118333333333333,2.27,1.01,2025-02-17 20:56:01,0.9703333333333332,1.2160769495018895
24030089,16017,1207000161.0,PC P71 B16,43,643.0,Prod.Dir.Dentatura/Skiving,643.0,43,43: KOEPFER 160/2,0,0,0,43.0,0,43.0,80.0,0.0,0.01,0.41,0.09,0.0071666666666666,0.67,1.02,2025-02-18 11:08:14,0.3081666666666666,1.3304488912925907
24029133,16017,1207900231.0,PC P63 C23,43,643.0,Prod.Dir.Dentatura/Skiving,643.0,43,43: KOEPFER 160/2,0,0,0,93.0,0,93.0,95.0,0.0,0.35,2.5,0.34,0.0231666666666666,1.68,1.0,2025-02-18 16:06:34,2.1545,1.1603620329542816
24029545,16019,1202610121.0,PC S35 C12,43,643.0,Prod.Dir.Dentatura/Skiving,643.0,43,43: KOEPFER 160/2,0,0,0,299.0,0,299.0,300.0,0.0,0.24,2.25,0.24,0.0066666666666666,16.66,1.02,2025-02-18 20:29:42,1.9933333333333332,1.12876254180602
24029956,18017,1089911031.0,ALB PIG RX 708 P3 A24,43,641.0,Prod.Dir.Dentatura Ingranaggi,643.0,43,43: KOEPFER 160/2,0,0,0,47.0,0,47.0,50.0,0.0,0.49,0.46,0.06,0.0083333333333333,1.67,1.0,2025-02-19 09:26:32,0.3916666666666666,1.1744680851063831
24030674,16017,1205440181.0,PC O71 C18,43,643.0,Prod.Dir.Dentatura/Skiving,643.0,43,43: KOEPFER 160/2,0,0,0,45.0,0,45.0,50.0,0.0,0.23,0.26,0.01,0.0053333333333333,1.75,1.01,2025-02-19 10:03:46,0.24,1.0833333333333337
24029231,14019,1204600161.0,PC A100 A16,43,643.0,Prod.Dir.Dentatura/Skiving,643.0,43,43: KOEPFER 160/2,0,0,0,20.0,0,20.0,20.0,0.0,0.32,0.21,0.02,0.0091666666666666,0.38,1.01,2025-02-19 11:00:44,0.1833333333333333,1.1454545454545453
24030336,16017,1204760121.0,PC A120 B12,43,643.0,Prod.Dir.Dentatura/Skiving,643.0,43,43: KOEPFER 160/2,0,0,0,17.0,0,17.0,21.0,0.0,0.41,0.4,0.0,0.0238333333333333,1.45,1.01,2025-02-19 11:49:11,0.4051666666666666,0.9872480460715756
24026956,22044,1089930891.0,PS EX50 Z12 IR7.5 PAM,43,643.0,Prod.Dir.Dentatura/Skiving,643.0,43,43: KOEPFER 160/2,0,0,0,24.0,0,24.0,15.0,0.0,0.03,2.06,1.11,0.0446666666666666,0.72,1.01,2025-02-20 11:24:19,1.072,1.921641791044776
24031053,22044,1204520181.0,PC A80 B18,43,643.0,Prod.Dir.Dentatura/Skiving,643.0,43,43: KOEPFER 160/2,0,0,0,115.0,0,115.0,101.0,0.0,2.21,14.38,3.1,0.0978333333333333,1.77,1.02,2025-02-21 13:30:01,11.250833333333334,1.2781275461076955
24030335,22044,1204480181.0,PC A80-100/O-P112/P132 A18,43,643.0,Prod.Dir.Dentatura/Skiving,643.0,43,43: KOEPFER 160/2,0,0,0,403.0,2,403.0,100.0,0.0,1.44,10.74,4.79,0.0146666666666666,5.53,1.02,2025-02-24 19:41:25,5.910666666666667,1.8170539138281077
25001030,20044,1089930661.0,PS EX30 Z30 IR3.6,43,643.0,Prod.Dir.Dentatura/Skiving,643.0,43,43: KOEPFER 160/2,0,0,0,209.0,0,209.0,150.0,0.0,2.69,24.57,3.51,0.1006666666666666,5.37,1.51,2025-02-26 16:48:08,21.03933333333333,1.1678126683354986
24023366,16017,1089990331.0,PC GM3000 A13 *15X30 AS,43,643.0,Prod.Dir.Dentatura/Skiving,643.0,43,43: KOEPFER 160/2,1,0,0,700.0,1,701.0,700.0,0.0,0.52,2.87,0.32,0.0035,16.8,1.02,2025-02-26 22:34:04,2.4535,1.1697574893009983
24029531,14017,1200400151.0,PC 80 AP15,43,643.0,Prod.Dir.Dentatura/Skiving,643.0,43,43: KOEPFER 160/2,0,0,0,689.0,0,689.0,691.0,0.0,0.16,2.91,0.0,0.0041666666666666,4.25,1.02,2025-03-04 13:13:22,2.870833333333333,1.0136429608127722
25003686,14019,1203002121.0,PC A35 A12,43,643.0,Prod.Dir.Dentatura/Skiving,643.0,43,43: KOEPFER 160/2,0,0,0,201.0,0,201.0,200.0,0.0,0.02,0.96,0.16,0.0038333333333333,1.17,1.02,2025-03-04 15:21:02,0.7705000000000001,1.2459441920830627
24031314,14019,1203070111.0,PC A45 A11 3C,43,643.0,Prod.Dir.Dentatura/Skiving,643.0,43,43: KOEPFER 160/2,0,0,0,59.0,0,59.0,60.0,0.0,0.0,0.22,0.0,0.0036666666666666,0.7,1.02,2025-03-04 16:30:49,0.2163333333333333,1.0169491525423728
25001468,14019,1204120111.0,PC A40-50/O-P63/P71 A10A,43,643.0,Prod.Dir.Dentatura/Skiving,643.0,43,43: KOEPFER 160/2,0,0,0,27.0,0,27.0,40.0,0.0,0.11,0.13,0.0,0.0048333333333333,0.23,1.02,2025-03-05 08:51:34,0.1304999999999999,0.9961685823754792
24030336,24044,1204760121.0,PC A120 B12,43,643.0,Prod.Dir.Dentatura/Skiving,643.0,43,43: KOEPFER 160/2,0,0,0,21.0,0,21.0,21.0,0.0,1.02,1.07,0.0,0.0511666666666666,1.05,1.01,2025-03-05 11:16:24,1.0745,0.9958120055839926
24030059,24044,1205080091.0,PC A55 C9,43,643.0,Prod.Dir.Dentatura/Skiving,643.0,43,43: KOEPFER 160/2,0,0,0,40.0,0,40.0,28.0,0.0,2.01,3.64,0.91,0.0676666666666666,0.47,1.01,2025-03-05 20:38:27,2.7066666666666666,1.3448275862068966
24029714,16019,1089930531.0,PS EX20 Z25 IR3.48,43,643.0,Prod.Dir.Dentatura/Skiving,643.0,43,43: KOEPFER 160/2,0,0,0,312.0,0,312.0,320.0,0.0,0.01,4.57,1.23,0.0106666666666666,5.39,1.01,2025-03-06 17:25:43,3.328,1.3731971153846156
24031335,14019,1089930571.0,PS EX10 Z25 IR3.48,43,643.0,Prod.Dir.Dentatura/Skiving,643.0,43,43: KOEPFER 160/2,0,0,0,210.0,0,210.0,200.0,0.0,0.71,1.87,0.98,0.0041666666666666,0.0,0.0,2025-03-06 20:47:34,0.875,2.137142857142857
24030086,22044,1204160121.0,PC A40 B12,43,643.0,Prod.Dir.Dentatura/Skiving,643.0,43,43: KOEPFER 160/2,0,0,0,53.0,0,53.0,50.0,0.0,1.25,1.51,0.0,0.0285,0.48,1.02,2025-03-07 11:38:30,1.5105,0.9996689837802052
25001185,16019,1089952451.0,PS EX20 Z11 IR6.64 *25 AS,43,643.0,Prod.Dir.Dentatura/Skiving,643.0,43,43: KOEPFER 160/2,0,0,0,38.0,0,38.0,42.0,0.0,0.9,1.49,0.21,0.0333333333333333,0.78,1.01,2025-03-11 17:34:36,1.2666666666666666,1.1763157894736842
25001186,16019,1089952491.0,PS EX20 Z13 IR5.77 *25 AS,43,643.0,Prod.Dir.Dentatura/Skiving,643.0,43,43: KOEPFER 160/2,0,0,0,34.0,0,34.0,42.0,0.0,0.72,1.17,0.62,0.0156666666666666,0.85,1.01,2025-03-11 19:43:46,0.5326666666666666,2.1964956195244056
24030145,16017,1089996461.0,PC IM60 A14 AS,43,643.0,Prod.Dir.Dentatura/Skiving,643.0,43,43: KOEPFER 160/2,0,0,0,814.0,0,814.0,824.0,0.0,0.29,8.82,1.92,0.0083333333333333,11.68,1.02,2025-03-12 14:24:10,6.783333333333333,1.3002457002457004
25005005,16017,1089996461.0,PC IM60 A14 AS,43,643.0,Prod.Dir.Dentatura/Skiving,643.0,43,43: KOEPFER 160/2,0,0,0,107.0,0,107.0,104.0,0.0,0.02,0.87,0.0,0.008,1.48,1.02,2025-03-13 08:36:24,0.856,1.016355140186916
24028373,26044,1200300101.0,PC 63CP10,43,643.0,Prod.Dir.Dentatura/Skiving,643.0,43,43: KOEPFER 160/2,0,2,0,153.0,1,155.0,150.0,0.0,1.13,7.34,2.97,0.028,0.95,1.02,2025-03-13 17:14:03,4.34,1.6912442396313363
24028438,26044,1202606161.0,PC S25 C16,43,643.0,Prod.Dir.Dentatura/Skiving,643.0,43,43: KOEPFER 160/2,0,0,0,33.0,0,33.0,31.0,0.0,2.22,1.95,0.06,0.0573333333333333,0.52,1.01,2025-03-14 00:18:04,1.892,1.0306553911205074
24022823,24044,1089990351.0,PC GM3000 B21 AS,43,643.0,Prod.Dir.Dentatura/Skiving,643.0,43,43: KOEPFER 160/2,0,0,0,400.0,1,400.0,400.0,0.0,1.25,61.11,7.02,0.1351666666666666,20.0,1.52,2025-03-19 23:21:12,54.06666666666666,1.1302712700369917
24025319,24044,1204320106.0,PC A50 C10 N,43,643.0,Prod.Dir.Dentatura/Skiving,643.0,43,43: KOEPFER 160/2,0,0,0,301.0,3,301.0,300.0,0.0,1.45,13.44,2.57,0.036,5.75,1.01,2025-03-21 00:08:58,10.836000000000002,1.2403100775193796
24023366,24044,1089990331.0,PC GM3000 A13 *15X30 AS,43,643.0,Prod.Dir.Dentatura/Skiving,643.0,43,43: KOEPFER 160/2,0,3,0,715.0,5,718.0,700.0,0.0,1.43,54.18,15.31,0.054,15.75,1.02,2025-03-26 17:20:25,38.772000000000006,1.3974001857010212
24028407,22044,1204600121.0,PC A100 A12,43,643.0,Prod.Dir.Dentatura/Skiving,643.0,43,43: KOEPFER 160/2,0,0,0,34.0,0,34.0,30.0,0.0,2.35,2.8,0.29,0.0735,0.7,1.51,2025-03-27 15:29:18,2.499,1.1204481792717087
24029231,22044,1204600161.0,PC A100 A16,43,643.0,Prod.Dir.Dentatura/Skiving,643.0,43,43: KOEPFER 160/2,0,1,8,17.0,0,26.0,20.0,0.0,0.94,4.29,1.75,0.095,0.43,1.02,2025-03-27 21:46:46,2.47,1.7368421052631575
25005174,14019,1083003421.0,ALBERO MOTORE GR71 A12B AS,43,643.0,Prod.Dir.Dentatura/Skiving,643.0,43,43: KOEPFER 160/2,3,3,1,334.0,194,341.0,600.0,0.0,0.88,1.45,0.28,0.0033333333333333,5.8,1.0,2025-03-31 11:02:51,1.1366666666666667,1.2756598240469208
25002671,14017,1204240171.0,PC A50-60/O-P71/P90 A17,43,643.0,Prod.Dir.Dentatura/Skiving,643.0,43,43: KOEPFER 160/2,0,0,0,210.0,0,210.0,220.0,0.0,1.52,0.82,0.04,0.0036666666666666,4.58,1.02,2025-03-31 14:03:42,0.77,1.0649350649350648
24029132,16019,1207900111.0,PC P63 C11,43,643.0,Prod.Dir.Dentatura/Skiving,643.0,43,43: KOEPFER 160/2,0,0,1,69.0,0,70.0,80.0,0.0,0.43,0.42,0.0,0.006,1.8,1.0,2025-03-31 15:09:20,0.42,1.0
24031333,16019,1202606121.0,PC S25 C12,43,643.0,Prod.Dir.Dentatura/Skiving,643.0,43,43: KOEPFER 160/2,0,1,0,75.0,0,76.0,80.0,0.0,1.01,1.12,0.0,0.0146666666666666,1.87,1.0,2025-03-31 17:28:35,1.1146666666666667,1.0047846889952154
24030506,28044,1202608321.0,PC S35 A32,43,643.0,Prod.Dir.Dentatura/Skiving,643.0,43,43: KOEPFER 160/2,0,5,0,104.0,0,109.0,100.0,0.0,1.25,11.97,1.46,0.0961666666666666,1.33,1.02,2025-04-02 00:03:16,10.482166666666666,1.14193948452133
24029428,16019,1204440096.0,PC A60 C9 N,43,643.0,Prod.Dir.Dentatura/Skiving,643.0,43,43: KOEPFER 160/2,0,0,0,385.0,0,385.0,382.0,0.0,1.8,3.29,0.34,0.0075,8.27,1.01,2025-04-02 17:05:37,2.8875,1.1393939393939394
24031338,16019,1204320126.0,PC A50 C12 N,43,643.0,Prod.Dir.Dentatura/Skiving,643.0,43,43: KOEPFER 160/2,0,0,0,288.0,0,288.0,301.0,0.0,0.48,3.57,0.35,0.0111666666666666,5.32,1.02,2025-04-03 08:18:16,3.216,1.1100746268656716
24029232,16017,1207100181.0,PC P71 C18,43,641.0,Prod.Dir.Dentatura Ingranaggi,643.0,43,43: KOEPFER 160/2,0,0,0,108.0,0,108.0,110.0,0.0,1.19,1.66,0.0,0.0153333333333333,1.83,1.0,2025-04-03 11:41:53,1.656,1.002415458937198
25001943,16019,1204560096.0,PC A80 C09 N,43,643.0,Prod.Dir.Dentatura/Skiving,643.0,43,43: KOEPFER 160/2,0,0,0,100.0,0,100.0,100.0,0.0,0.64,1.27,0.0,0.0126666666666666,1.67,1.01,2025-04-03 16:40:31,1.2666666666666666,1.0026315789473683
24031334,22044,1203063111.0,PC A41 C11,43,643.0,Prod.Dir.Dentatura/Skiving,643.0,43,43: KOEPFER 160/2,0,0,15,544.0,0,559.0,553.0,0.0,5.16,14.73,1.24,0.024,5.99,1.02,2025-04-04 21:22:01,13.416,1.097942754919499
24028801,24044,1204400161.0,PC A60 B16,43,643.0,Prod.Dir.Dentatura/Skiving,643.0,43,43: KOEPFER 160/2,0,0,0,121.0,0,121.0,121.0,0.0,1.9,5.73,1.27,0.0366666666666666,1.77,1.02,2025-04-07 18:43:45,4.4366666666666665,1.2915101427498124
24024403,24044,1200200121.0,PC 63BP12,43,643.0,Prod.Dir.Dentatura/Skiving,643.0,43,43: KOEPFER 160/2,0,0,0,143.0,0,143.0,150.0,0.0,3.1,6.46,0.74,0.04,1.2,1.02,2025-04-08 14:25:59,5.72,1.1293706293706294
25008342,14019,1083003611.0,ALBERO MOTORE GR80 A16 AS,43,643.0,Prod.Dir.Dentatura/Skiving,643.0,43,43: KOEPFER 160/2,0,0,0,3.0,0,3.0,7.0,2.0,0.11,0.1,0.0,0.0333333333333333,0.15,1.01,2025-04-08 15:45:11,0.1,1.0
25004712,24044,1207200191.0,PC P90 B19 AS,43,643.0,Prod.Dir.Dentatura/Skiving,643.0,43,43: KOEPFER 160/2,0,0,0,14.0,1,14.0,15.0,0.0,2.35,1.16,0.0,0.0834999999999999,0.25,1.02,2025-04-09 14:42:25,1.1689999999999998,0.9923011120615912
24030348,24044,1207200191.0,PC P90 B19 AS,43,643.0,Prod.Dir.Dentatura/Skiving,643.0,43,43: KOEPFER 160/2,0,0,0,2.0,0,2.0,3.0,0.0,0.08,0.16,0.0,0.0833333333333333,0.05,1.02,2025-04-09 15:19:53,0.1666666666666666,0.96
25006077,24044,1205460261.0,PC O-P90 A26 ANT,43,642.0,Prod.Dir.Rettifica Prof.Ingr.,643.0,43,43: KOEPFER 160/2,0,0,0,12.0,0,12.0,15.0,0.0,0.26,3.21,1.67,0.1191666666666666,0.32,1.0,2025-04-10 08:52:46,1.4300000000000002,2.244755244755245
24029291,20044,1203004091.0,PC A35 C09,43,643.0,Prod.Dir.Dentatura/Skiving,643.0,43,43: KOEPFER 160/2,0,23,0,506.0,3,529.0,500.0,0.0,0.94,12.1,0.37,0.022,4.83,1.02,2025-04-10 22:02:56,11.638000000000002,1.039697542533081
24031052,22044,1204160151.0,PC A40 B15,43,643.0,Prod.Dir.Dentatura/Skiving,643.0,43,43: KOEPFER 160/2,0,4,0,98.0,5,102.0,100.0,0.0,0.7,2.78,0.56,0.0215,0.92,1.02,2025-04-11 09:32:08,2.193,1.2676698586411308
24025926,24044,1207300111.0,PC P90 C11,43,643.0,Prod.Dir.Dentatura/Skiving,643.0,43,43: KOEPFER 160/2,0,0,0,79.0,11,79.0,300.0,0.0,0.11,8.84,0.0,0.1118333333333333,10.0,1.52,2025-04-15 08:02:24,8.834833333333332,1.0005848063536382
25001182,16019,1089930271.0,PS EX50 Z18 IR5.33,43,643.0,Prod.Dir.Dentatura/Skiving,643.0,43,43: KOEPFER 160/2,0,0,0,207.0,0,207.0,208.0,0.0,0.68,4.23,0.6,0.0175,6.27,1.01,2025-04-15 16:17:06,3.622500000000001,1.1677018633540373
24029715,16017,1089930561.0,PS EX10 Z19 IR4.26,43,643.0,Prod.Dir.Dentatura/Skiving,643.0,43,43: KOEPFER 160/2,0,0,0,248.0,2,248.0,248.0,0.0,0.67,1.4,0.12,0.0051666666666666,0.0,0.0,2025-04-16 00:05:25,1.2813333333333334,1.09261186264308
24030306,22044,1204120361.0,PC A40-50/O-P63/P71 A36,43,642.0,Prod.Dir.Rettifica Prof.Ingr.,643.0,43,43: KOEPFER 160/2,0,0,0,51.0,2,51.0,50.0,0.0,2.29,2.1,0.0,0.0411666666666666,0.0,0.0,2025-04-16 22:49:46,2.0995000000000004,1.0002381519409382
25004539,22044,1089930581.0,PS EX10 Z10 IR7.2 PAM,43,643.0,Prod.Dir.Dentatura/Skiving,643.0,43,43: KOEPFER 160/2,0,0,0,305.0,1,305.0,302.0,0.0,0.58,6.21,0.53,0.0185,3.62,1.02,2025-04-17 16:49:10,5.642500000000001,1.100575985821887
24031335,20044,1089930571.0,PS EX10 Z25 IR3.48,43,643.0,Prod.Dir.Dentatura/Skiving,643.0,43,43: KOEPFER 160/2,0,5,15,204.0,4,224.0,200.0,0.0,1.53,10.1,0.5,0.0428333333333333,8.37,1.5,2025-04-18 20:23:15,9.594666666666663,1.052668148971651
24029714,22044,1089930531.0,PS EX20 Z25 IR3.48,43,643.0,Prod.Dir.Dentatura/Skiving,643.0,43,43: KOEPFER 160/2,0,0,0,314.0,4,314.0,320.0,0.0,0.28,21.96,0.2,0.0691666666666666,6.93,1.02,2025-04-23 13:06:54,21.718333333333334,1.0111273117949506
25005958,16017,1089991631.0,PC LM A13 ASA,43,643.0,Prod.Dir.Dentatura/Skiving,643.0,43,43: KOEPFER 160/2,0,0,0,718.0,0,718.0,720.0,0.0,1.11,3.31,0.17,0.0043333333333333,7.92,0.6,2025-04-23 19:31:04,3.111333333333333,1.0638525819584317
25007056,16017,1089991631.0,PC LM A13 ASA,43,643.0,Prod.Dir.Dentatura/Skiving,643.0,43,43: KOEPFER 160/2,0,0,0,482.0,0,482.0,500.0,0.0,0.0,2.16,0.07,0.0041666666666666,5.5,0.43,2025-04-24 09:26:04,2.0083333333333333,1.0755186721991703
24029428,24044,1204440096.0,PC A60 C9 N,43,643.0,Prod.Dir.Dentatura/Skiving,643.0,43,43: KOEPFER 160/2,0,0,0,377.0,4,377.0,382.0,0.0,0.78,19.41,1.05,0.0486666666666666,6.69,1.01,2025-04-28 15:50:14,18.34733333333333,1.0579194069982922
25007278,16019,1204320126.0,PC A50 C12 N,43,643.0,Prod.Dir.Dentatura/Skiving,643.0,43,43: KOEPFER 160/2,0,0,0,298.0,3,298.0,300.0,0.0,0.31,1.8,0.0,0.006,5.3,1.02,2025-04-28 18:44:19,1.788,1.0067114093959733
25005980,22044,1089996691.0,PC LA A13A ASA,43,643.0,Prod.Dir.Dentatura/Skiving,643.0,43,43: KOEPFER 160/2,0,0,0,153.0,0,153.0,151.0,0.0,0.55,7.01,2.28,0.0306666666666666,0.0,0.0,2025-04-29 16:23:01,4.692,1.4940323955669224
24029232,24044,1207100181.0,PC P71 C18,43,642.0,Prod.Dir.Rettifica Prof.Ingr.,643.0,43,43: KOEPFER 160/2,0,0,0,108.0,1,108.0,110.0,0.0,1.44,9.43,0.72,0.0805,4.03,1.01,2025-04-30 15:36:16,8.694,1.0846560846560844
25007366,14019,1083000331.0,ALBERO MOTORE C19 GR80 A12B AS,43,643.0,Prod.Dir.Dentatura/Skiving,643.0,43,43: KOEPFER 160/2,0,0,0,208.0,0,208.0,205.0,0.0,0.49,1.5,0.48,0.0048333333333333,1.74,1.01,2025-05-05 11:40:30,1.0053333333333332,1.4920424403183026
25003684,22044,1204120101.0,PC A40-50/O-P63/P71 A10,43,643.0,Prod.Dir.Dentatura/Skiving,643.0,43,43: KOEPFER 160/2,0,0,0,105.0,2,105.0,111.0,0.0,0.01,2.12,0.11,0.0201666666666666,0.87,1.01,2025-05-05 16:33:42,2.1175,1.001180637544274
25001447,16017,1205560111.0,PC O112 C11,43,643.0,Prod.Dir.Dentatura/Skiving,643.0,43,43: KOEPFER 160/2,0,0,0,123.0,0,123.0,120.0,0.0,0.58,2.74,0.17,0.0208333333333333,2.72,1.0,2025-05-06 08:52:33,2.5625,1.069268292682927
25003719,20044,1203002101.0,PC A35 A10,43,643.0,Prod.Dir.Dentatura/Skiving,643.0,43,43: KOEPFER 160/2,0,0,0,253.0,6,253.0,251.0,0.0,0.85,4.55,0.91,0.0143333333333333,1.68,1.02,2025-05-07 15:16:25,3.626333333333333,1.2547109109293133
25004019,16019,1202602101.0,PC S45 C10,43,643.0,Prod.Dir.Dentatura/Skiving,643.0,43,43: KOEPFER 160/2,0,0,0,221.0,6,221.0,230.0,0.0,0.02,1.1,0.23,0.0038333333333333,1.91,1.01,2025-05-07 17:45:29,0.8471666666666667,1.2984457997245722
25007425,16017,1209000861.0,PIGNONE DENTATO MOD=2 Z=14 AS,43,643.0,Prod.Dir.Dentatura/Skiving,643.0,43,43: KOEPFER 160/2,0,0,0,229.0,0,229.0,231.0,0.0,0.16,1.1,0.01,0.0046666666666666,2.89,1.0,2025-05-07 20:27:59,1.0686666666666669,1.0293200249532128
25003787,16019,1089935091.0,PSEX10Z13IR5.77XRMI5063*25*OBS,43,643.0,Prod.Dir.Dentatura/Skiving,643.0,43,43: KOEPFER 160/2,0,0,0,93.0,1,93.0,100.0,0.0,0.54,0.73,0.0,0.0078333333333333,4.18,1.01,2025-05-08 00:11:35,0.7284999999999999,1.0020590253946466
25007606,16017,1205620231.0,PC O63 C23,43,643.0,Prod.Dir.Dentatura/Skiving,643.0,43,43: KOEPFER 160/2,0,0,0,25.0,0,25.0,25.0,0.0,0.53,0.19,0.0,0.0075,0.63,1.01,2025-05-08 07:52:41,0.1875,1.0133333333333332
25003315,14019,1203004161.0,PC A35 C16,43,643.0,Prod.Dir.Dentatura/Skiving,643.0,43,43: KOEPFER 160/2,0,0,0,72.0,0,72.0,81.0,0.0,0.53,0.33,0.0,0.0045,1.35,1.0,2025-05-08 09:15:12,0.324,1.0185185185185184
25003316,18017,1089910831.0,PC RX 704 OV1 C19,43,643.0,Prod.Dir.Dentatura/Skiving,643.0,43,43: KOEPFER 160/2,0,0,0,30.0,0,30.0,30.0,0.0,0.33,0.11,0.0,0.0036666666666666,0.9,1.0,2025-05-08 10:09:05,0.11,1.0
25001183,14019,1089930421.0,PS EX20 Z25 IR3.48 PAM,43,641.0,Prod.Dir.Dentatura Ingranaggi,643.0,43,43: KOEPFER 160/2,0,0,0,32.0,0,32.0,30.0,0.0,0.4,0.23,0.0,0.0071666666666666,1.13,1.0,2025-05-08 14:31:14,0.2293333333333333,1.002906976744186
25001467,14019,1204480341.0,PC A80-100/O-P112/P132 A34,43,643.0,Prod.Dir.Dentatura/Skiving,643.0,43,43: KOEPFER 160/2,0,0,0,80.0,0,80.0,81.0,0.0,0.24,0.53,0.0,0.0065,2.47,1.02,2025-05-08 17:41:30,0.52,1.0192307692307692
25004756,14017,1203005331.0,CC A35 C33,43,643.0,Prod.Dir.Dentatura/Skiving,643.0,43,43: KOEPFER 160/2,0,0,0,81.0,2,81.0,80.0,0.0,0.47,0.69,0.05,0.0078333333333333,1.33,1.01,2025-05-08 19:40:51,0.6345,1.0874704491725768
25006185,14017,1200400171.0,PC 80 AP17,43,643.0,Prod.Dir.Dentatura/Skiving,643.0,43,43: KOEPFER 160/2,0,0,0,251.0,0,251.0,250.0,0.0,0.61,1.03,0.11,0.0035,1.67,1.02,2025-05-08 22:49:53,0.8785000000000001,1.172453044963005
25007021,16019,1089951511.0,"PS EX10 Z19 IR4.26 1"" 6B SAE 6",43,643.0,Prod.Dir.Dentatura/Skiving,643.0,43,43: KOEPFER 160/2,0,0,0,33.0,0,33.0,30.0,0.0,0.8,0.82,0.25,0.0195,0.42,1.01,2025-05-09 07:21:00,0.6435,1.2742812742812744
24031333,26044,1202606121.0,PC S25 C12,43,643.0,Prod.Dir.Dentatura/Skiving,643.0,43,43: KOEPFER 160/2,0,0,0,45.0,0,45.0,80.0,0.0,0.7,2.06,0.01,0.0453333333333333,1.17,1.02,2025-05-09 10:47:33,2.04,1.0098039215686274
25000864,26044,1201901001.0,PC ID250 USCITA Z=12 AS,43,643.0,Prod.Dir.Dentatura/Skiving,643.0,43,43: KOEPFER 160/2,0,0,0,773.0,0,773.0,1.153,0.0,0.43,19.42,1.63,0.023,19.21,1.01,2025-05-12 10:25:11,17.779,1.0922999043815738
25010035,16019,1204280121.0,PC A50 B12,43,643.0,Prod.Dir.Dentatura/Skiving,643.0,43,43: KOEPFER 160/2,0,0,0,438.0,0,438.0,439.0,0.0,0.0,1.8,0.12,0.0038333333333333,4.39,1.01,2025-05-12 17:14:32,1.679,1.072066706372841
24016934,28044,1202604281.0,PC S25 A28,43,643.0,Prod.Dir.Dentatura/Skiving,643.0,43,43: KOEPFER 160/2,0,2,0,19.0,0,21.0,17.0,0.0,0.28,2.16,1.3,0.0536666666666666,0.34,1.02,2025-05-12 20:45:12,1.127,1.91659272404614
25004972,20044,1089930281.0,PS EX50 Z15 IR6.2,43,643.0,Prod.Dir.Dentatura/Skiving,643.0,43,43: KOEPFER 160/2,0,0,0,161.0,0,161.0,160.0,0.0,0.77,10.92,0.14,0.0668333333333333,0.0,0.0,2025-05-13 13:06:06,10.760166666666668,1.0148541689255124
24030755,20044,1089930661.0,PS EX30 Z30 IR3.6,43,643.0,Prod.Dir.Dentatura/Skiving,643.0,43,43: KOEPFER 160/2,0,0,0,108.0,0,108.0,160.0,0.0,1.13,8.43,0.09,0.0771666666666666,5.73,1.51,2025-05-13 23:00:32,8.334,1.011519078473722
25004977,22044,1089930611.0,PS EX10 Z25 IR3.48 PAM,43,643.0,Prod.Dir.Dentatura/Skiving,643.0,43,43: KOEPFER 160/2,0,0,0,161.0,0,161.0,156.0,0.0,3.86,8.73,1.78,0.043,2.6,1.01,2025-05-14 22:06:12,6.923000000000001,1.2610140112667918
25003740,16019,1202608091.0,PC S35 A09,43,643.0,Prod.Dir.Dentatura/Skiving,643.0,43,43: KOEPFER 160/2,0,0,0,99.0,0,99.0,100.0,0.0,1.0,0.59,0.09,0.005,1.5,1.02,2025-05-15 09:15:04,0.495,1.1919191919191918
25005174,24044,1083003421.0,ALBERO MOTORE GR71 A12B AS,43,643.0,Prod.Dir.Dentatura/Skiving,643.0,43,43: KOEPFER 160/2,0,0,0,383.0,0,383.0,600.0,0.0,1.15,9.11,0.48,0.0225,15.0,1.0,2025-05-15 19:59:39,8.617500000000001,1.0571511459239915
25007256,14019,1083003421.0,ALBERO MOTORE GR71 A12B AS,43,643.0,Prod.Dir.Dentatura/Skiving,643.0,43,43: KOEPFER 160/2,0,0,0,450.0,0,450.0,1.15,0.0,0.54,2.17,0.34,0.004,11.12,1.0,2025-05-16 00:07:17,1.8,1.2055555555555555
24025378,16017,1201901721.0,PC AP55 C9 SBLOCCO AS,43,643.0,Prod.Dir.Dentatura/Skiving,643.0,43,43: KOEPFER 160/2,0,0,0,217.0,0,217.0,219.0,0.0,1.66,6.07,0.66,0.0248333333333333,7.34,1.01,2025-05-16 15:35:09,5.388833333333333,1.1264033649831442
25008490,16019,1205080111.0,PC A55 C11,43,643.0,Prod.Dir.Dentatura/Skiving,643.0,43,43: KOEPFER 160/2,0,0,0,330.0,0,330.0,330.0,0.0,0.37,2.46,0.04,0.0071666666666666,6.66,1.01,2025-05-16 20:25:02,2.365,1.0401691331923888
25004070,16019,1202602111.0,PC S45 C11,43,643.0,Prod.Dir.Dentatura/Skiving,643.0,43,43: KOEPFER 160/2,0,0,0,215.0,0,215.0,220.0,0.0,0.38,2.02,0.06,0.009,1.83,1.5,2025-05-19 08:22:16,1.9350000000000005,1.0439276485788112
25003741,28044,1202608141.0,PC S35 A13A,43,643.0,Prod.Dir.Dentatura/Skiving,643.0,43,43: KOEPFER 160/2,0,0,0,189.0,0,189.0,182.0,0.0,0.89,8.22,0.36,0.0415,2.06,1.02,2025-05-19 18:32:42,7.843500000000001,1.048001529929241
24029544,28044,1202608141.0,PC S35 A13A,43,643.0,Prod.Dir.Dentatura/Skiving,643.0,43,43: KOEPFER 160/2,6,0,0,178.0,0,184.0,150.0,0.0,0.04,12.67,2.26,0.0565,1.7,1.02,2025-05-20 11:45:08,10.396,1.2187379761446708
24029715,20044,1089930561.0,PS EX10 Z19 IR4.26,43,643.0,Prod.Dir.Dentatura/Skiving,643.0,43,43: KOEPFER 160/2,0,1,0,255.0,3,256.0,248.0,0.0,1.01,8.71,0.36,0.0325,9.51,1.02,2025-05-20 23:19:38,8.32,1.046875
25004072,18019,1202608141.0,PC S35 A13A,43,643.0,Prod.Dir.Dentatura/Skiving,643.0,43,43: KOEPFER 160/2,0,0,0,258.0,0,258.0,259.0,0.0,0.61,2.51,0.0,0.0096666666666666,6.91,1.02,2025-05-21 11:30:09,2.494,1.0064153969526866
25003615,14017,1204120131.0,PC A40-50/O-P63/P71 A12A,43,641.0,Prod.Dir.Dentatura Ingranaggi,643.0,43,43: KOEPFER 160/2,0,0,0,50.0,0,50.0,200.0,0.0,0.31,0.64,0.31,0.0125,3.0,1.01,2025-05-21 13:15:15,0.625,1.024
25005874,24044,1207300091.0,PC P90 C09,43,643.0,Prod.Dir.Dentatura/Skiving,643.0,43,43: KOEPFER 160/2,0,0,0,196.0,0,196.0,201.0,0.0,1.33,7.7,0.13,0.0385,6.7,1.02,2025-05-22 07:46:26,7.546,1.020408163265306
25004387,22044,1203072101.0,PC A45 C10,43,642.0,Prod.Dir.Rettifica Prof.Ingr.,643.0,43,43: KOEPFER 160/2,2,0,0,152.0,3,154.0,151.0,0.0,1.1,6.86,1.44,0.035,4.53,1.02,2025-05-22 17:56:33,5.390000000000001,1.2727272727272727
25008436,24044,1207900131.0,PC P63 C13,43,643.0,Prod.Dir.Dentatura/Skiving,643.0,43,43: KOEPFER 160/2,0,1,0,126.0,9,127.0,131.0,0.0,1.05,4.15,0.36,0.0296666666666666,1.64,1.01,2025-05-22 23:57:04,3.767666666666667,1.101477483853844
25003316,26044,1089910831.0,PC RX 704 OV1 C19,43,643.0,Prod.Dir.Dentatura/Skiving,643.0,43,43: KOEPFER 160/2,0,0,0,29.0,0,29.0,30.0,0.0,0.08,2.45,0.0,0.0845,1.25,1.51,2025-05-23 10:51:21,2.4505000000000003,0.9997959600081616
25006247,24044,1205080091.0,PC A55 C9,43,643.0,Prod.Dir.Dentatura/Skiving,643.0,43,43: KOEPFER 160/2,0,2,0,54.0,2,56.0,51.0,0.0,2.09,4.99,0.62,0.0778333333333333,0.86,1.01,2025-05-23 19:58:36,4.358666666666667,1.1448455185071886
25004697,22044,1204000141.0,PC A40 A14 3C,43,643.0,Prod.Dir.Dentatura/Skiving,643.0,43,43: KOEPFER 160/2,0,0,0,720.0,0,720.0,728.0,0.0,8.42,23.95,4.61,0.0268333333333333,4.86,1.01,2025-05-27 13:11:29,19.32,1.239648033126294
25011783,16017,1209001191.0,PIGNONE DENTATO MOD=1.25 Z=16,43,643.0,Prod.Dir.Dentatura/Skiving,643.0,43,43: KOEPFER 160/2,0,0,0,42.0,0,42.0,40.0,0.0,0.7,1.96,0.47,0.0378333333333333,0.89,1.0,2025-05-27 16:13:57,1.5890000000000002,1.2334801762114536
25011782,18017,1209001181.0,PIGNONE DENTATO MOD=1.25 Z=16,43,643.0,Prod.Dir.Dentatura/Skiving,643.0,43,43: KOEPFER 160/2,0,0,0,38.0,0,38.0,40.0,0.0,0.25,2.32,0.89,0.0398333333333333,0.89,1.0,2025-05-27 18:50:03,1.513666666666667,1.5327020480070466
25010568,14019,1203002221.0,PC A35 A22 AS,43,643.0,Prod.Dir.Dentatura/Skiving,643.0,43,43: KOEPFER 160/2,0,0,0,138.0,0,138.0,137.0,0.0,0.96,0.62,0.03,0.0041666666666666,1.58,1.01,2025-05-27 22:32:27,0.575,1.0782608695652174
25011750,14017,1204240171.0,PC A50-60/O-P71/P90 A17,43,641.0,Prod.Dir.Dentatura Ingranaggi,643.0,43,43: KOEPFER 160/2,0,0,0,243.0,0,243.0,251.0,0.0,0.47,0.89,0.0,0.0036666666666666,4.81,1.02,2025-05-28 00:31:42,0.891,0.9988776655443322
24025378,16017,1201901721.0,PC AP55 C9 SBLOCCO AS,43,643.0,Prod.Dir.Dentatura/Skiving,643.0,43,43: KOEPFER 160/2,0,0,0,216.0,0,216.0,219.0,0.0,3.7,2.81,0.0,0.013,7.34,1.01,2025-05-28 16:05:44,2.8080000000000003,1.0007122507122506
25005784,14088,1089939601.0,MANICOTTO EX CON EU,43,643.0,Prod.Dir.Dentatura/Skiving,643.0,43,43: KOEPFER 160/2,0,0,0,149.0,0,149.0,150.0,0.0,6.42,1.58,0.38,0.008,8.95,1.02,2025-05-29 09:22:15,1.192,1.325503355704698
25001468,22044,1204120111.0,PC A40-50/O-P63/P71 A10A,43,643.0,Prod.Dir.Dentatura/Skiving,643.0,43,43: KOEPFER 160/2,0,0,0,34.0,0,34.0,40.0,0.0,1.56,0.78,0.0,0.0228333333333333,0.35,1.02,2025-05-29 15:25:01,0.7763333333333333,1.004723057106054
25004087,14019,1204120111.0,PC A40-50/O-P63/P71 A10A,43,643.0,Prod.Dir.Dentatura/Skiving,643.0,43,43: KOEPFER 160/2,0,0,0,94.0,7,94.0,100.0,0.0,0.29,0.63,0.0,0.0066666666666666,0.59,1.02,2025-05-29 19:39:08,0.6266666666666667,1.00531914893617
24030142,16017,1089990331.0,PC GM3000 A13 *15X30 AS,43,643.0,Prod.Dir.Dentatura/Skiving,643.0,43,43: KOEPFER 160/2,0,0,0,697.0,0,697.0,700.0,0.0,0.0,2.7,0.14,0.0036666666666666,16.8,1.02,2025-05-30 07:58:54,2.5556666666666668,1.0564758053997652
25000979,14019,1204240181.0,PC A50-60/O-P71/P90 A18,43,643.0,Prod.Dir.Dentatura/Skiving,643.0,43,43: KOEPFER 160/2,0,0,0,853.0,0,853.0,1.0,0.0,0.44,3.46,0.0,0.004,22.16,1.02,2025-05-30 21:20:07,3.412,1.0140679953106682
25008488,20044,1089930561.0,PS EX10 Z19 IR4.26,43,643.0,Prod.Dir.Dentatura/Skiving,643.0,43,43: KOEPFER 160/2,0,0,0,407.0,8,407.0,414.0,0.0,1.42,19.9,0.05,0.0486666666666666,15.87,1.02,2025-06-04 13:53:48,19.80733333333333,1.004678401938676
25003637,14019,1204360111.0,PC A60-80/O-P90/P112 A12A,43,643.0,Prod.Dir.Dentatura/Skiving,643.0,43,43: KOEPFER 160/2,0,0,0,97.0,0,97.0,100.0,0.0,0.0,0.88,0.31,0.0058333333333333,1.08,1.01,2025-06-04 16:20:33,0.5658333333333333,1.5552282768777614
25007431,16019,1203063091.0,PC A41 C9,43,643.0,Prod.Dir.Dentatura/Skiving,643.0,43,43: KOEPFER 160/2,0,0,0,242.0,1,242.0,242.0,0.0,1.84,1.19,0.19,0.004,1.94,1.02,2025-06-04 20:30:31,0.968,1.2293388429752066
25001989,14017,1200100191.0,PC 63AP18,43,643.0,Prod.Dir.Dentatura/Skiving,643.0,43,43: KOEPFER 160/2,0,0,0,156.0,1,156.0,150.0,0.0,0.24,0.78,0.2,0.0036666666666666,1.05,1.02,2025-06-04 23:18:46,0.572,1.3636363636363638
25011747,14019,1204000131.0,PC A40 A13 3C,43,643.0,Prod.Dir.Dentatura/Skiving,643.0,43,43: KOEPFER 160/2,0,0,0,83.0,0,83.0,90.0,0.0,0.0,0.3,0.0,0.0036666666666666,0.9,1.01,2025-06-05 00:00:53,0.3043333333333333,0.985761226725082
25007425,26044,1209000861.0,PIGNONE DENTATO MOD=2 Z=14 AS,43,643.0,Prod.Dir.Dentatura/Skiving,643.0,43,43: KOEPFER 160/2,0,0,0,231.0,4,231.0,231.0,0.0,0.66,3.44,0.12,0.0143333333333333,5.78,1.0,2025-06-05 13:34:51,3.311,1.0389610389610389
24031337,14019,1204360101.0,PC A60-80/O-P90/P112 A10,43,643.0,Prod.Dir.Dentatura/Skiving,643.0,43,43: KOEPFER 160/2,0,0,0,39.0,0,39.0,100.0,0.0,0.64,0.29,0.15,0.0063333333333333,1.97,1.02,2025-06-05 15:07:35,0.247,1.174089068825911
25003317,22044,1203063091.0,PC A41 C9,43,643.0,Prod.Dir.Dentatura/Skiving,643.0,43,43: KOEPFER 160/2,0,0,0,194.0,6,194.0,201.0,0.0,1.25,3.95,0.0,0.0203333333333333,2.01,1.02,2025-06-05 23:07:35,3.9446666666666665,1.0013520365049855
25009365,16017,1089996461.0,PC IM60 A14 AS,43,643.0,Prod.Dir.Dentatura/Skiving,643.0,43,43: KOEPFER 160/2,0,0,0,505.0,5,505.0,1.8,0.0,0.54,4.28,0.21,0.008,44.4,1.02,2025-06-06 13:36:47,4.04,1.0594059405940597
24031333,26044,1202606121.0,PC S25 C12,43,643.0,Prod.Dir.Dentatura/Skiving,643.0,43,43: KOEPFER 160/2,0,0,0,27.0,2,27.0,80.0,0.0,0.54,0.72,0.07,0.024,1.17,1.02,2025-06-06 15:26:13,0.648,1.111111111111111
25011030,24044,1207100091.0,PC P71 C9,43,643.0,Prod.Dir.Dentatura/Skiving,643.0,43,43: KOEPFER 160/2,0,0,0,209.0,0,209.0,200.0,0.0,2.15,11.02,2.61,0.0401666666666666,2.7,1.02,2025-06-09 16:26:48,8.394833333333334,1.3127121840814784
25006051,20044,1089930521.0,PS EX20 Z19 IR4.26,43,643.0,Prod.Dir.Dentatura/Skiving,643.0,43,43: KOEPFER 160/2,1,0,0,226.0,0,227.0,285.0,0.0,0.63,11.78,0.95,0.0476666666666666,6.18,1.01,2025-06-10 21:31:30,10.820333333333332,1.0886910446381812
25006053,22044,1089930591.0,PS EX10 Z13 IR5.77 PAM,43,642.0,Prod.Dir.Rettifica Prof.Ingr.,643.0,43,43: KOEPFER 160/2,0,0,0,298.0,3,298.0,300.0,0.0,0.96,6.74,0.29,0.0215,17.5,1.0,2025-06-11 11:52:40,6.407000000000001,1.0519744029967222
25000864,26044,1201901001.0,PC ID250 USCITA Z=12 AS,43,643.0,Prod.Dir.Dentatura/Skiving,643.0,43,43: KOEPFER 160/2,0,0,0,381.0,0,381.0,1.153,0.0,1.24,7.97,0.0,0.0208333333333333,19.21,1.01,2025-06-11 23:00:31,7.9375,1.0040944881889764
25006191,22044,1089930601.0,PS EX10 Z19 IR4.26 PAM,43,643.0,Prod.Dir.Dentatura/Skiving,643.0,43,43: KOEPFER 160/2,0,0,0,156.0,0,156.0,180.0,0.0,2.15,9.44,0.0,0.0605,2.85,1.01,2025-06-12 19:05:56,9.438,1.0002119093028186
25007157,20044,1203002111.0,PC A35 A11,43,643.0,Prod.Dir.Dentatura/Skiving,643.0,43,43: KOEPFER 160/2,0,0,0,290.0,9,290.0,300.0,0.0,2.47,9.83,1.94,0.0271666666666666,2.16,1.02,2025-06-13 13:18:25,7.878333333333333,1.2477258303363656
25012264,22044,1089930531.0,PS EX20 Z25 IR3.48,43,643.0,Prod.Dir.Dentatura/Skiving,643.0,43,43: KOEPFER 160/2,0,0,0,335.0,0,335.0,333.0,0.0,0.75,26.2,7.24,0.0565,7.21,1.02,2025-06-17 00:17:01,18.9275,1.3842292959978866
25001990,22044,1200100261.0,PC 63AP25,43,642.0,Prod.Dir.Rettifica Prof.Ingr.,643.0,43,43: KOEPFER 160/2,0,0,2,102.0,0,104.0,100.0,0.0,0.95,2.73,0.02,0.026,3.26,1.01,2025-06-18 19:35:12,2.704,1.0096153846153846
25010135,14019,1200100141.0,PC 63AP13,43,643.0,Prod.Dir.Dentatura/Skiving,643.0,43,43: KOEPFER 160/2,0,0,0,40.0,0,40.0,40.0,0.0,1.53,0.74,0.0,0.0185,0.15,1.02,2025-06-18 22:11:43,0.7400000000000001,1.0
25004709,22044,1204000091.0,PC A40 A9 3C,43,643.0,Prod.Dir.Dentatura/Skiving,643.0,43,43: KOEPFER 160/2,0,0,0,75.0,7,75.0,80.0,0.0,1.41,1.24,0.05,0.0158333333333333,0.48,1.02,2025-06-19 08:28:38,1.1874999999999998,1.0442105263157897
25010431,22044,1204000111.0,PC A40 A12A 3C,43,642.0,Prod.Dir.Rettifica Prof.Ingr.,643.0,43,43: KOEPFER 160/2,0,0,0,325.0,0,325.0,318.0,0.0,0.45,6.05,0.64,0.0165,5.83,1.01,2025-06-19 15:36:52,5.3625,1.1282051282051282
25003740,22044,1202608091.0,PC S35 A09,43,643.0,Prod.Dir.Dentatura/Skiving,643.0,43,43: KOEPFER 160/2,0,0,0,99.0,0,99.0,100.0,0.0,2.53,6.74,0.92,0.0584999999999999,1.25,1.01,2025-06-20 11:41:54,5.791499999999999,1.1637744971078303
25004072,28044,1202608141.0,PC S35 A13A,43,643.0,Prod.Dir.Dentatura/Skiving,643.0,43,43: KOEPFER 160/2,0,0,0,70.0,0,70.0,259.0,0.0,0.08,6.51,0.86,0.0805,2.93,1.02,2025-06-23 16:47:45,5.635,1.15527950310559
25002559,16017,1205500091.0,PC O90 C9,43,643.0,Prod.Dir.Dentatura/Skiving,643.0,43,43: KOEPFER 160/2,0,0,0,50.0,0,50.0,50.0,0.0,1.7,2.48,0.05,0.0483333333333333,1.88,1.0,2025-06-24 00:09:56,2.4166666666666665,1.026206896551724
25012552,16019,1204560096.0,PC A80 C09 N,43,643.0,Prod.Dir.Dentatura/Skiving,643.0,43,43: KOEPFER 160/2,0,0,0,118.0,0,118.0,120.0,0.0,1.6,1.9,0.38,0.0126666666666666,2.0,1.01,2025-06-24 13:02:53,1.4946666666666666,1.271186440677966
25003615,22044,1204120131.0,PC A40-50/O-P63/P71 A12A,43,643.0,Prod.Dir.Dentatura/Skiving,643.0,43,43: KOEPFER 160/2,0,0,0,202.0,1,202.0,200.0,0.0,0.82,4.91,0.21,0.0231666666666666,5.0,1.02,2025-06-24 19:04:43,4.679666666666666,1.049220029916661
25012191,14017,1204360161.0,PC A60-80/O-P90/P112 A16,43,643.0,Prod.Dir.Dentatura/Skiving,643.0,43,43: KOEPFER 160/2,0,0,0,75.0,0,75.0,161.0,0.0,0.72,0.52,0.27,0.0063333333333333,3.67,1.02,2025-06-26 11:48:40,0.475,1.0947368421052632
25003742,16019,1202610191.0,PC S35 C18A,43,643.0,Prod.Dir.Dentatura/Skiving,643.0,43,43: KOEPFER 160/2,1,1,0,60.0,0,62.0,63.0,0.0,0.32,0.54,0.0,0.0088333333333333,2.36,1.01,2025-06-26 14:03:11,0.5476666666666666,0.9860012172854536
25004900,16019,1202610111.0,PC S35 C11,43,643.0,Prod.Dir.Dentatura/Skiving,643.0,43,43: KOEPFER 160/2,0,0,0,102.0,0,102.0,110.0,0.0,0.21,0.82,0.0,0.008,3.12,1.01,2025-06-26 16:36:37,0.8160000000000001,1.0049019607843137
25012090,14017,1201901031.0,PC ID125 USCITA Z=12 AS,43,643.0,Prod.Dir.Dentatura/Skiving,643.0,43,43: KOEPFER 160/2,0,0,0,392.0,2,392.0,624.0,0.0,0.36,2.24,0.72,0.0038333333333333,6.03,1.02,2025-06-27 07:05:31,1.5026666666666668,1.4906832298136643
25011768,16019,1204400161.0,PC A60 B16,43,643.0,Prod.Dir.Dentatura/Skiving,643.0,43,43: KOEPFER 160/2,0,0,0,179.0,3,179.0,180.0,0.0,0.45,1.93,0.0,0.0106666666666666,2.49,1.02,2025-06-27 20:14:17,1.909333333333333,1.0108240223463687
25010137,24044,1207300181.0,PC P90 C18,43,643.0,Prod.Dir.Dentatura/Skiving,643.0,43,43: KOEPFER 160/2,0,0,0,48.0,0,48.0,40.0,0.0,1.66,5.48,0.36,0.1063333333333333,1.53,1.01,2025-06-30 14:13:48,5.104,1.073667711598746
25003636,22044,1204600151.0,PC A100 A15,43,643.0,Prod.Dir.Dentatura/Skiving,643.0,43,43: KOEPFER 160/2,0,0,0,53.0,1,53.0,50.0,0.0,0.49,1.82,0.0,0.0343333333333333,1.25,1.51,2025-06-30 16:42:16,1.8196666666666668,1.0001831837332844
25010037,22044,1204120101.0,PC A40-50/O-P63/P71 A10,43,643.0,Prod.Dir.Dentatura/Skiving,643.0,43,43: KOEPFER 160/2,0,0,0,235.0,0,235.0,200.0,0.0,0.91,6.82,1.78,0.0213333333333333,1.56,1.01,2025-07-01 15:09:43,5.013333333333333,1.360372340425532
25007910,22044,1089930581.0,PS EX10 Z10 IR7.2 PAM,43,643.0,Prod.Dir.Dentatura/Skiving,643.0,43,43: KOEPFER 160/2,0,1,0,200.0,1,201.0,247.0,0.0,0.02,5.66,0.0,0.0281666666666666,2.96,1.02,2025-07-01 21:56:06,5.6615,0.9997350525479112
25010067,24044,1207300111.0,PC P90 C11,43,643.0,Prod.Dir.Dentatura/Skiving,643.0,43,43: KOEPFER 160/2,1,0,0,410.0,4,411.0,415.0,0.0,1.34,23.82,3.69,0.0488333333333333,6.99,1.02,2025-07-03 17:56:25,20.0705,1.1868164719364245
25015243,24044,1083003421.0,ALBERO MOTORE GR71 A12B AS,43,643.0,Prod.Dir.Dentatura/Skiving,643.0,43,43: KOEPFER 160/2,0,0,0,458.0,0,458.0,323.0,0.0,2.46,21.08,6.88,0.0308333333333333,8.08,1.0,2025-07-07 09:12:22,14.121666666666666,1.49274164994689
25015339,24044,1083003421.0,ALBERO MOTORE GR71 A12B AS,43,643.0,Prod.Dir.Dentatura/Skiving,643.0,43,43: KOEPFER 160/2,2,0,0,443.0,0,445.0,454.0,0.0,0.25,14.42,2.3,0.0271666666666666,11.35,1.0,2025-07-08 00:06:29,12.089166666666666,1.1928034741848763
25003789,16019,1089937161.0,PSEX10Z13IR5.77XRMI70N*****OBS,43,643.0,Prod.Dir.Dentatura/Skiving,643.0,43,43: KOEPFER 160/2,0,0,0,113.0,0,113.0,122.0,0.0,0.5,0.81,0.36,0.0038333333333333,1.53,1.01,2025-07-10 00:29:25,0.4331666666666667,1.8699499807618316
23008355,18019,1089938801.0,PSEX20Z13IR5.77XRMI85******OBS,43,643.0,Prod.Dir.Dentatura/Skiving,643.0,43,43: KOEPFER 160/2,0,0,0,58.0,0,58.0,60.0,0.0,0.58,0.89,0.0,0.0153333333333333,2.51,1.01,2025-07-10 11:48:59,0.8893333333333334,1.0007496251874062
25005041,24044,1200300161.0,PC 63CP16,43,643.0,Prod.Dir.Dentatura/Skiving,643.0,43,43: KOEPFER 160/2,0,0,0,442.0,0,442.0,516.0,0.0,1.14,17.75,5.92,0.0266666666666666,6.45,1.01,2025-07-11 14:52:24,11.786666666666669,1.5059389140271493
25007598,22044,1200100171.0,PC 63AP16,43,643.0,Prod.Dir.Dentatura/Skiving,643.0,43,43: KOEPFER 160/2,0,0,0,34.0,0,34.0,30.0,0.0,1.02,0.72,0.16,0.016,0.7,1.01,2025-07-14 17:49:59,0.544,1.3235294117647058
25006187,24044,1207200161.0,PC P90 B16,43,643.0,Prod.Dir.Dentatura/Skiving,643.0,43,43: KOEPFER 160/2,0,0,0,439.0,0,439.0,520.0,0.0,1.42,23.84,6.39,0.0396666666666666,15.86,1.02,2025-07-16 10:07:57,17.413666666666664,1.369039643192129
25008148,22044,1204240131.0,PC A50-60/O-P71/P90 A12A,43,643.0,Prod.Dir.Dentatura/Skiving,643.0,43,43: KOEPFER 160/2,0,0,0,284.0,17,284.0,301.0,0.0,0.98,3.38,0.0,0.0118333333333333,2.56,1.02,2025-07-16 17:26:52,3.3606666666666665,1.0057528268200755
25007191,20044,1089930571.0,PS EX10 Z25 IR3.48,43,643.0,Prod.Dir.Dentatura/Skiving,643.0,43,43: KOEPFER 160/2,0,12,0,213.0,0,225.0,200.0,0.0,0.8,11.07,1.43,0.0426666666666666,8.37,1.5,2025-07-17 22:19:02,9.6,1.1531250000000002
25012090,22044,1201901031.0,PC ID125 USCITA Z=12 AS,43,643.0,Prod.Dir.Dentatura/Skiving,643.0,43,43: KOEPFER 160/2,0,0,0,609.0,10,609.0,624.0,0.0,0.27,10.9,3.07,0.0128333333333333,4.37,1.02,2025-07-21 21:39:57,7.8155,1.394664448851641
25002936,14019,1204480181.0,PC A80-100/O-P112/P132 A18,43,643.0,Prod.Dir.Dentatura/Skiving,643.0,43,43: KOEPFER 160/2,0,0,0,103.0,0,103.0,122.0,0.0,1.13,0.95,0.17,0.0075,2.64,1.01,2025-07-22 00:27:08,0.7725000000000001,1.2297734627831711
25011445,16017,1089995231.0,PC GM2000 A16 *15X30 AS,43,641.0,Prod.Dir.Dentatura Ingranaggi,643.0,43,43: KOEPFER 160/2,0,0,0,93.0,0,93.0,101.0,0.0,0.35,0.76,0.0,0.0081666666666666,3.79,1.02,2025-07-22 10:10:26,0.7595,1.000658327847268
25016069,16019,1204320126.0,PC A50 C12 N,43,643.0,Prod.Dir.Dentatura/Skiving,643.0,43,43: KOEPFER 160/2,0,0,0,194.0,0,194.0,201.0,0.0,0.24,2.66,0.0,0.0136666666666666,3.55,1.02,2025-07-22 14:19:25,2.651333333333333,1.0032687955745538
25015756,16019,1207900111.0,PC P63 C11,43,643.0,Prod.Dir.Dentatura/Skiving,643.0,43,43: KOEPFER 160/2,0,0,0,125.0,0,125.0,131.0,0.0,0.0,0.76,0.0,0.006,2.19,1.0,2025-07-22 15:42:36,0.75,1.0133333333333334
25011748,14017,1204120151.0,PC A40-50/O-P63/P71 A15,43,643.0,Prod.Dir.Dentatura/Skiving,643.0,43,43: KOEPFER 160/2,0,0,0,274.0,1,274.0,276.0,0.0,0.74,1.19,0.0,0.0043333333333333,2.3,1.02,2025-07-22 17:56:50,1.1873333333333334,1.0022459292532284
25003830,16019,1204560116.0,PC A80 C11 N,43,643.0,Prod.Dir.Dentatura/Skiving,643.0,43,43: KOEPFER 160/2,0,0,0,204.0,0,204.0,205.0,0.0,0.53,4.63,0.07,0.0221666666666666,10.25,1.02,2025-07-23 08:26:00,4.522,1.0238832375055285
25015727,20044,1089930281.0,PS EX50 Z15 IR6.2,43,643.0,Prod.Dir.Dentatura/Skiving,643.0,43,43: KOEPFER 160/2,0,0,0,155.0,4,155.0,160.0,0.0,1.21,6.72,0.54,0.0398333333333333,0.0,0.0,2025-07-23 17:44:52,6.174166666666667,1.0884059927115668
25013756,14017,1200700151.0,PC 90 AP15,43,643.0,Prod.Dir.Dentatura/Skiving,643.0,43,43: KOEPFER 160/2,0,0,0,349.0,0,349.0,350.0,0.0,0.94,1.27,0.04,0.0035,2.45,1.02,2025-07-23 22:14:51,1.2215,1.0397052803929594
25014329,16017,1089920151.0,PC PL45 C13,43,643.0,Prod.Dir.Dentatura/Skiving,643.0,43,43: KOEPFER 160/2,0,0,0,98.0,0,98.0,101.0,0.0,0.0,0.88,0.42,0.0045,1.69,1.01,2025-07-24 00:07:10,0.441,1.9954648526077092
25011718,26044,1089917121.0,PC RX 704 OV1 C22 AS,43,643.0,Prod.Dir.Dentatura/Skiving,643.0,43,43: KOEPFER 160/2,0,0,0,32.0,1,32.0,30.0,0.0,1.54,2.32,0.63,0.052,0.0,0.0,2025-07-24 11:04:04,1.664,1.394230769230769
25003789,26044,1089937161.0,PSEX10Z13IR5.77XRMI70N*****OBS,43,643.0,Prod.Dir.Dentatura/Skiving,643.0,43,43: KOEPFER 160/2,0,0,0,122.0,2,122.0,122.0,0.0,0.74,2.19,0.1,0.017,1.18,1.02,2025-07-24 14:06:50,2.0740000000000003,1.055930568948891
25008470,14019,1200100131.0,PC 63AP12,43,643.0,Prod.Dir.Dentatura/Skiving,643.0,43,43: KOEPFER 160/2,0,0,0,59.0,0,59.0,61.0,0.0,0.57,0.32,0.11,0.0033333333333333,0.76,1.01,2025-07-24 19:36:11,0.1966666666666666,1.6271186440677965
25012379,14019,1200100141.0,PC 63AP13,43,643.0,Prod.Dir.Dentatura/Skiving,643.0,43,43: KOEPFER 160/2,0,0,0,56.0,0,56.0,61.0,0.0,1.02,0.25,0.0,0.0043333333333333,0.23,1.02,2025-07-24 21:11:30,0.2426666666666666,1.0302197802197803
25011773,14019,1203004101.0,PC A35 C09A,43,643.0,Prod.Dir.Dentatura/Skiving,643.0,43,43: KOEPFER 160/2,0,0,0,84.0,0,84.0,100.0,0.0,0.33,0.32,0.0,0.0038333333333333,1.25,1.0,2025-07-25 00:31:42,0.322,0.9937888198757764
25007413,22044,1204000141.0,PC A40 A14 3C,43,643.0,Prod.Dir.Dentatura/Skiving,643.0,43,43: KOEPFER 160/2,0,0,0,442.0,2,442.0,446.0,0.0,1.29,11.98,1.32,0.024,2.98,1.01,2025-07-28 07:11:36,10.608,1.1293363499245852
25015758,20044,1203002141.0,PC A35 A12A,43,642.0,Prod.Dir.Rettifica Prof.Ingr.,643.0,43,43: KOEPFER 160/2,0,0,0,53.0,0,53.0,50.0,0.0,0.77,0.97,0.09,0.0166666666666666,1.25,1.01,2025-07-28 10:05:56,0.8833333333333333,1.0981132075471698
25007189,16019,1203063111.0,PC A41 C11,43,643.0,Prod.Dir.Dentatura/Skiving,643.0,43,43: KOEPFER 160/2,0,0,0,618.0,0,618.0,627.0,0.0,0.61,2.84,0.25,0.0041666666666666,3.46,1.02,2025-07-28 14:34:01,2.575,1.102912621359223
25011852,14019,1203004161.0,PC A35 C16,43,641.0,Prod.Dir.Dentatura Ingranaggi,643.0,43,43: KOEPFER 160/2,0,0,0,100.0,0,100.0,101.0,0.0,0.25,0.46,0.0,0.0045,1.69,1.0,2025-07-28 15:22:38,0.45,1.022222222222222
25010545,16017,1207200121.0,PC P90 B12,43,643.0,Prod.Dir.Dentatura/Skiving,643.0,43,43: KOEPFER 160/2,0,0,0,613.0,0,613.0,1.0,0.0,0.26,3.35,0.39,0.0048333333333333,9.33,1.02,2025-07-28 19:32:51,2.9628333333333328,1.1306744670079318
25006189,18019,1202600101.0,PC S45 A10,43,643.0,Prod.Dir.Dentatura/Skiving,643.0,43,43: KOEPFER 160/2,0,0,0,44.0,0,44.0,50.0,0.0,0.75,0.47,0.17,0.0068333333333333,0.42,1.01,2025-07-30 09:20:08,0.3006666666666666,1.563192904656319
25014824,22044,1089930581.0,PS EX10 Z10 IR7.2 PAM,43,643.0,Prod.Dir.Dentatura/Skiving,643.0,43,43: KOEPFER 160/2,0,0,0,219.0,0,219.0,221.0,0.0,0.61,9.61,1.51,0.0368333333333333,2.65,1.02,2025-07-30 20:32:13,8.066500000000001,1.1913469286555505
25015902,20044,1089930521.0,PS EX20 Z19 IR4.26,43,643.0,Prod.Dir.Dentatura/Skiving,643.0,43,43: KOEPFER 160/2,0,0,0,430.0,0,430.0,432.0,0.0,0.75,33.77,2.51,0.0726666666666666,9.36,1.01,2025-08-25 22:20:38,31.24666666666667,1.08075528056326
23008355,28044,1089938801.0,PSEX20Z13IR5.77XRMI85******OBS,43,643.0,Prod.Dir.Dentatura/Skiving,643.0,43,43: KOEPFER 160/2,0,0,0,61.0,0,61.0,60.0,0.0,0.89,2.44,0.12,0.0443333333333333,2.65,1.51,2025-08-26 10:24:00,2.704333333333333,0.9022556390977444
25003660,24044,1207500181.0,PC P112 B18,43,643.0,Prod.Dir.Dentatura/Skiving,643.0,43,43: KOEPFER 160/2,0,0,0,40.0,0,40.0,40.0,0.0,1.39,5.32,0.47,0.1515,0.83,1.02,2025-08-26 16:04:08,6.06,0.877887788778878
25001989,22044,1200100191.0,PC 63AP18,43,643.0,Prod.Dir.Dentatura/Skiving,643.0,43,43: KOEPFER 160/2,0,0,0,141.0,0,141.0,150.0,0.0,0.97,5.54,0.8,0.0334999999999999,1.25,1.02,2025-08-27 14:54:35,4.7235,1.1728591087117604
25017287,22044,1200400241.0,PC 80 AP24,43,643.0,Prod.Dir.Dentatura/Skiving,643.0,43,43: KOEPFER 160/2,0,3,0,27.0,2,30.0,31.0,0.0,0.96,1.91,0.56,0.0445,0.77,1.01,2025-08-27 17:29:39,1.335,1.430711610486891
25001685,14019,1200100161.0,PC 63AP15,43,643.0,Prod.Dir.Dentatura/Skiving,643.0,43,43: KOEPFER 160/2,0,0,0,104.0,0,104.0,101.0,0.0,0.63,1.23,0.57,0.0063333333333333,1.43,1.01,2025-08-27 19:57:44,0.6586666666666666,1.8674089068825912
25014804,20044,1089930661.0,PS EX30 Z30 IR3.6,43,643.0,Prod.Dir.Dentatura/Skiving,643.0,43,43: KOEPFER 160/2,0,0,0,36.0,0,36.0,172.0,0.0,2.33,5.37,1.68,0.1118333333333333,6.16,1.51,2025-08-28 14:39:26,4.026,1.3338301043219076
25006390,16019,1089910891.0,PC RX 712 OV1/OV2/P2/P3 C10,43,643.0,Prod.Dir.Dentatura/Skiving,643.0,43,43: KOEPFER 160/2,0,0,0,199.0,0,199.0,200.0,0.0,0.01,2.34,0.02,0.0115,7.5,1.0,2025-08-28 18:49:34,2.2885,1.0225038234651518
25015754,16017,1205440181.0,PC O71 C18,43,643.0,Prod.Dir.Dentatura/Skiving,643.0,43,43: KOEPFER 160/2,0,0,0,51.0,0,51.0,50.0,0.0,0.3,0.77,0.2,0.011,1.75,1.01,2025-08-28 21:44:27,0.561,1.3725490196078431
25010036,22044,1204480131.0,PC A80-100/O-P112/P132 A13,43,642.0,Prod.Dir.Rettifica Prof.Ingr.,643.0,43,43: KOEPFER 160/2,0,0,0,122.0,0,122.0,120.0,0.0,1.76,9.53,1.01,0.0755,3.4,0.0,2025-08-29 18:22:43,9.211,1.0346325046140483
25021769,14019,1204000181.0,PC A40 A18 3C,43,643.0,Prod.Dir.Dentatura/Skiving,643.0,43,43: KOEPFER 160/2,0,0,0,70.0,0,70.0,70.0,0.0,0.79,1.12,0.58,0.0076666666666666,1.23,1.02,2025-08-29 20:50:45,0.5366666666666667,2.0869565217391304
25004659,14019,1203002161.0,PC A35 A16,43,643.0,Prod.Dir.Dentatura/Skiving,643.0,43,43: KOEPFER 160/2,0,0,0,199.0,0,199.0,201.0,0.0,0.18,1.03,0.32,0.0035,5.36,1.02,2025-08-29 22:20:27,0.6965,1.4788226848528356
25012379,22044,1200100141.0,PC 63AP13,43,643.0,Prod.Dir.Dentatura/Skiving,643.0,43,43: KOEPFER 160/2,0,0,0,62.0,1,62.0,61.0,0.0,1.88,3.68,0.08,0.0689999999999999,0.46,1.02,2025-09-01 13:10:51,4.278,0.860215053763441
25008470,22044,1200100131.0,PC 63AP12,43,643.0,Prod.Dir.Dentatura/Skiving,643.0,43,43: KOEPFER 160/2,0,0,0,61.0,0,61.0,61.0,0.0,1.12,2.3,0.94,0.0218333333333333,1.37,1.02,2025-09-01 16:22:36,1.3318333333333334,1.7269428106619944
25016442,16017,1204520131.0,PC A80 B13,43,643.0,Prod.Dir.Dentatura/Skiving,643.0,43,43: KOEPFER 160/2,0,0,0,152.0,1,152.0,151.0,0.0,1.02,1.96,0.3,0.0121666666666666,4.16,1.02,2025-09-02 11:06:19,1.8493333333333333,1.0598413842826244
25010138,16017,1205440261.0,PC O71 C26,43,643.0,Prod.Dir.Dentatura/Skiving,643.0,43,43: KOEPFER 160/2,0,0,0,17.0,0,17.0,20.0,0.0,0.48,3.0,0.48,0.1555,0.75,1.01,2025-09-02 14:45:57,2.6435,1.1348590883298657
25017430,16019,1202610191.0,PC S35 C18A,43,643.0,Prod.Dir.Dentatura/Skiving,643.0,43,43: KOEPFER 160/2,0,0,0,207.0,0,207.0,207.0,0.0,0.73,2.57,0.14,0.0138333333333333,7.76,1.01,2025-09-02 18:34:58,2.8635,0.8975030557010651
21037461,16019,1202610181.0,PC S35 C18,43,643.0,Prod.Dir.Dentatura/Skiving,643.0,43,43: KOEPFER 160/2,0,0,0,46.0,2,46.0,52.0,0.0,1.68,1.95,0.3,0.0373333333333333,1.96,1.01,2025-09-02 21:17:52,1.7173333333333334,1.1354813664596273
25018081,14019,1201000201.0,PC 100 AP20,43,643.0,Prod.Dir.Dentatura/Skiving,643.0,43,43: KOEPFER 160/2,0,0,0,90.0,0,90.0,91.0,0.0,0.0,0.42,0.11,0.0033333333333333,1.25,1.0,2025-09-02 23:30:57,0.3,1.3999999999999997
25020596,14019,1204120121.0,PC A40-50/O-P63/P71 A12,43,643.0,Prod.Dir.Dentatura/Skiving,643.0,43,43: KOEPFER 160/2,0,0,0,115.0,0,115.0,121.0,0.0,0.61,1.09,0.2,0.0086666666666666,0.91,1.02,2025-09-03 09:49:56,0.9966666666666666,1.093645484949833
25019258,14019,1203002141.0,PC A35 A12A,43,643.0,Prod.Dir.Dentatura/Skiving,643.0,43,43: KOEPFER 160/2,0,0,0,71.0,0,71.0,70.0,0.0,0.34,0.75,0.17,0.0088333333333333,1.46,1.01,2025-09-03 10:52:28,0.6271666666666667,1.1958543715120915
25008483,14017,1200710111.0,PC 90 AP11,43,643.0,Prod.Dir.Dentatura/Skiving,643.0,43,43: KOEPFER 160/2,0,0,0,199.0,0,199.0,201.0,0.0,1.27,2.3,0.66,0.0085,1.41,1.02,2025-09-03 14:21:28,1.6915000000000002,1.3597398758498371
25013243,16017,1205500111.0,PC O90 C11,43,643.0,Prod.Dir.Dentatura/Skiving,643.0,43,43: KOEPFER 160/2,0,0,0,178.0,0,178.0,180.0,0.0,0.91,2.72,0.44,0.014,6.24,1.02,2025-09-03 17:42:02,2.492,1.0914927768860354
25011853,18017,1089910831.0,PC RX 704 OV1 C19,43,643.0,Prod.Dir.Dentatura/Skiving,643.0,43,43: KOEPFER 160/2,0,0,0,49.0,0,49.0,50.0,0.0,0.61,0.94,0.38,0.0113333333333333,1.5,1.0,2025-09-03 19:53:54,0.5553333333333333,1.6926770708283312
25012185,22044,1204120241.0,PC A40-50/O-P63/P71 A24,43,642.0,Prod.Dir.Rettifica Prof.Ingr.,643.0,43,43: KOEPFER 160/2,0,0,0,105.0,0,105.0,101.0,0.0,0.65,3.95,1.33,0.0248333333333333,2.1,1.02,2025-09-04 09:19:03,2.6075,1.5148609779482265
25003661,22044,1204120261.0,PC A40-50/O-P63/P71 A26,43,643.0,Prod.Dir.Dentatura/Skiving,643.0,43,43: KOEPFER 160/2,0,0,0,54.0,3,54.0,50.0,0.0,3.19,5.41,1.09,0.086,1.17,1.01,2025-09-04 16:45:26,4.644,1.164944013781223
25014634,14019,1089980611.0,SATELLITE AZP 280 Z46 IR4.07 M,43,643.0,Prod.Dir.Dentatura/Skiving,643.0,43,43: KOEPFER 160/2,1,1,0,18.0,0,20.0,20.0,0.0,0.8,1.28,0.66,0.0306666666666666,0.0,0.0,2025-09-05 13:23:33,0.6133333333333334,2.0869565217391304
24016491,16017,1205044131.0,PC CM90 A12 *24,43,643.0,Prod.Dir.Dentatura/Skiving,643.0,43,43: KOEPFER 160/2,0,0,0,14.0,0,14.0,12.0,0.0,0.68,0.8,0.31,0.0436666666666666,0.08,0.51,2025-09-05 15:52:09,0.6113333333333333,1.3086150490730646
25016448,14019,1204120101.0,PC A40-50/O-P63/P71 A10,43,643.0,Prod.Dir.Dentatura/Skiving,643.0,43,43: KOEPFER 160/2,0,0,0,199.0,0,199.0,201.0,0.0,0.37,1.4,0.4,0.005,1.51,1.01,2025-09-08 09:49:49,0.995,1.4070351758793969
25016674,16019,1202608091.0,PC S35 A09,43,643.0,Prod.Dir.Dentatura/Skiving,643.0,43,43: KOEPFER 160/2,0,0,0,103.0,0,103.0,105.0,0.0,0.99,1.51,0.24,0.0136666666666666,1.58,1.02,2025-09-08 11:34:37,1.4076666666666666,1.0726971347383376
25014485,18019,1202600171.0,PC S45 A17,43,643.0,Prod.Dir.Dentatura/Skiving,643.0,43,43: KOEPFER 160/2,0,0,0,236.0,0,236.0,254.0,0.0,1.75,4.0,0.27,0.0181666666666666,8.46,1.5,2025-09-08 15:58:23,4.287333333333334,0.9329808738920852
25018146,14019,1204360121.0,PC A60-80/O-P90/P112 A12,43,643.0,Prod.Dir.Dentatura/Skiving,643.0,43,43: KOEPFER 160/2,0,0,0,200.0,0,200.0,201.0,0.0,0.2,1.0,0.14,0.005,0.0,0.0,2025-09-08 17:29:51,1.0,1.0
25007133,22044,1204000111.0,PC A40 A12A 3C,43,642.0,Prod.Dir.Rettifica Prof.Ingr.,643.0,43,43: KOEPFER 160/2,0,0,0,556.0,0,556.0,592.0,0.0,1.37,25.54,1.57,0.043,10.86,1.01,2025-09-10 11:22:37,23.908,1.0682616697339802
25012917,22044,1203072101.0,PC A45 C10,43,643.0,Prod.Dir.Dentatura/Skiving,643.0,43,43: KOEPFER 160/2,0,0,0,272.0,0,272.0,279.0,0.0,0.9,9.49,1.05,0.031,4.23,1.02,2025-09-10 23:47:58,8.432,1.1254743833017078
23009497,16019,1202606101.0,PC S25 C11A,43,643.0,Prod.Dir.Dentatura/Skiving,643.0,43,43: KOEPFER 160/2,0,0,0,191.0,0,191.0,202.0,0.0,0.58,1.47,0.38,0.006,4.72,1.0,2025-09-11 10:36:47,1.146,1.282722513089005
25003830,24044,1204560116.0,PC A80 C11 N,43,643.0,Prod.Dir.Dentatura/Skiving,643.0,43,43: KOEPFER 160/2,0,0,0,201.0,0,201.0,205.0,0.0,1.48,15.95,2.38,0.0673333333333333,7.86,1.52,2025-09-12 14:57:17,13.534,1.1785133737254323
25004900,26044,1202610111.0,PC S35 C11,43,643.0,Prod.Dir.Dentatura/Skiving,643.0,43,43: KOEPFER 160/2,0,0,0,104.0,6,104.0,110.0,0.0,1.03,5.14,0.48,0.0511666666666666,0.92,0.72,2025-09-15 13:18:19,5.3213333333333335,0.9659233274868452
25015734,16017,1205620131.0,PC O63 C13,43,643.0,Prod.Dir.Dentatura/Skiving,643.0,43,43: KOEPFER 160/2,0,0,0,212.0,0,212.0,206.0,0.0,0.94,2.41,0.95,0.0068333333333333,4.02,1.02,2025-09-15 18:22:34,1.4486666666666663,1.6635987114588129
25013585,16017,1205560111.0,PC O112 C11,43,643.0,Prod.Dir.Dentatura/Skiving,643.0,43,43: KOEPFER 160/2,0,0,0,151.0,0,151.0,150.0,0.0,0.8,3.81,0.08,0.0301666666666666,3.4,1.0,2025-09-16 07:46:02,4.555166666666667,0.8364128645128243
25002331,22044,1204360131.0,PC A60-80/O-P90/P112 A13,43,643.0,Prod.Dir.Dentatura/Skiving,643.0,43,43: KOEPFER 160/2,0,1,0,330.0,3,331.0,332.0,0.0,1.15,9.29,0.53,0.0316666666666666,2.77,1.01,2025-09-16 18:34:14,10.481666666666666,0.8863094291620289
25015895,16019,1202602101.0,PC S45 C10,43,643.0,Prod.Dir.Dentatura/Skiving,643.0,43,43: KOEPFER 160/2,0,0,0,91.0,0,91.0,100.0,0.0,1.75,2.32,0.45,0.0216666666666666,0.0,0.0,2025-09-17 11:20:54,1.971666666666667,1.176669484361792
23010235,16019,1202602211.0,PC S45 C11A,43,641.0,Prod.Dir.Dentatura Ingranaggi,643.0,43,43: KOEPFER 160/2,0,0,0,73.0,0,73.0,100.0,0.0,1.68,2.51,0.18,0.0346666666666666,2.08,1.0,2025-09-17 14:28:02,2.5306666666666664,0.9918335089567968
25006189,28044,1202600101.0,PC S45 A10,43,643.0,Prod.Dir.Dentatura/Skiving,643.0,43,43: KOEPFER 160/2,0,0,0,58.0,0,58.0,50.0,0.0,2.79,7.96,1.28,0.1148333333333333,0.56,1.01,2025-09-18 09:26:22,6.660333333333333,1.1951353786096792
25019629,14019,1204000091.0,PC A40 A9 3C,43,643.0,Prod.Dir.Dentatura/Skiving,643.0,43,43: KOEPFER 160/2,0,0,0,59.0,0,59.0,60.0,0.0,1.78,2.62,0.14,0.0465,0.39,1.01,2025-09-18 14:38:23,2.7435,0.9549845088390742
25018089,14019,1083003421.0,ALBERO MOTORE GR71 A12B AS,43,643.0,Prod.Dir.Dentatura/Skiving,643.0,43,43: KOEPFER 160/2,0,0,0,254.0,0,254.0,750.0,0.0,0.41,1.93,0.94,0.0038333333333333,3.13,1.0,2025-09-18 21:37:21,0.9736666666666668,1.982197877439233
25019997,14019,1089930581.0,PS EX10 Z10 IR7.2 PAM,43,643.0,Prod.Dir.Dentatura/Skiving,643.0,43,43: KOEPFER 160/2,0,0,0,480.0,0,480.0,483.0,0.0,0.3,2.31,0.21,0.0053333333333333,2.02,1.02,2025-09-19 12:07:53,2.56,0.90234375
25016449,20044,1203002121.0,PC A35 A12,43,643.0,Prod.Dir.Dentatura/Skiving,643.0,43,43: KOEPFER 160/2,0,0,0,403.0,7,403.0,409.0,0.0,1.09,12.21,1.41,0.0266666666666666,3.07,1.02,2025-09-22 13:39:05,10.746666666666668,1.136166253101737
20013417,14019,1205044501.0,PC CM90 A10,43,643.0,Prod.Dir.Dentatura/Skiving,643.0,43,43: KOEPFER 160/2,0,0,0,51.0,0,51.0,51.0,0.0,1.19,1.69,0.13,0.0341666666666666,0.0,0.0,2025-09-23 10:39:03,1.7425,0.96987087517934
24001349,18017,1089911011.0,ALB PIG RX 712 P2 A13,43,643.0,Prod.Dir.Dentatura/Skiving,643.0,43,43: KOEPFER 160/2,0,0,0,22.0,0,22.0,24.0,0.0,0.0,0.2,0.0,0.0113333333333333,1.2,1.0,2025-09-23 15:01:43,0.2493333333333333,0.8021390374331551
25020131,22044,1089930411.0,PS EX20 Z19 IR4.26 PAM,43,643.0,Prod.Dir.Dentatura/Skiving,643.0,43,43: KOEPFER 160/2,0,0,0,13.0,0,13.0,15.0,0.0,1.14,1.52,0.03,0.1298333333333333,0.68,1.51,2025-09-25 11:55:29,1.6878333333333333,0.9005628517823641
25017478,14019,1083003451.0,ALBERO MOTORE GR63 A15 NPF AS,43,643.0,Prod.Dir.Dentatura/Skiving,643.0,43,43: KOEPFER 160/2,0,0,0,105.0,0,105.0,115.0,0.0,0.24,0.95,0.09,0.0098333333333333,2.4,1.02,2025-10-02 11:48:33,1.0325,0.920096852300242
25019656,16017,1205042111.0,PC CM71 A10 *11,43,643.0,Prod.Dir.Dentatura/Skiving,643.0,43,43: KOEPFER 160/2,0,0,0,76.0,0,76.0,231.0,0.0,0.56,1.21,0.53,0.0111666666666666,0.0,0.0,2025-10-02 15:53:43,0.8486666666666667,1.4257659073055773
25024407,16019,1202606111.0,PC S25 C11,43,643.0,Prod.Dir.Dentatura/Skiving,643.0,43,43: KOEPFER 160/2,0,0,0,116.0,0,116.0,110.0,0.0,0.45,1.49,0.53,0.0081666666666666,1.98,1.02,2025-10-02 18:10:47,0.9473333333333332,1.5728360309641098
25022059,14019,1203021101.0,PC A41 A10 3C,43,643.0,Prod.Dir.Dentatura/Skiving,643.0,43,43: KOEPFER 160/2,0,0,0,152.0,1,152.0,151.0,0.0,0.53,1.54,0.54,0.0065,1.26,1.01,2025-10-02 21:28:32,0.988,1.5587044534412955
25015742,14019,1200700211.0,PC 90 AP21,43,643.0,Prod.Dir.Dentatura/Skiving,643.0,43,43: KOEPFER 160/2,0,0,0,101.0,0,101.0,101.0,0.0,0.36,1.01,0.08,0.0108333333333333,1.06,1.02,2025-10-03 00:01:41,1.0941666666666667,0.923076923076923
25015905,16019,1089930641.0,PS EX30 Z18 IR5.33,43,643.0,Prod.Dir.Dentatura/Skiving,643.0,43,43: KOEPFER 160/2,0,0,0,259.0,0,259.0,258.0,0.0,0.58,2.63,0.3,0.0105,3.66,1.0,2025-10-07 13:09:17,2.7195,0.96708953851811
25021856,22044,1089930611.0,PS EX10 Z25 IR3.48 PAM,43,643.0,Prod.Dir.Dentatura/Skiving,643.0,43,43: KOEPFER 160/2,0,0,0,123.0,0,123.0,120.0,0.0,1.83,11.99,0.06,0.1221666666666666,2.0,1.01,2025-10-08 07:12:22,15.0265,0.7979236681862044
25020601,24044,1207000121.0,PC P71 B12,43,643.0,Prod.Dir.Dentatura/Skiving,643.0,43,43: KOEPFER 160/2,0,0,0,106.0,0,106.0,103.0,0.0,1.86,4.61,0.32,0.0471666666666666,1.03,1.02,2025-10-09 15:08:00,4.999666666666667,0.9220614707647176
25023475,14019,1204600131.0,PC A100 A13,43,643.0,Prod.Dir.Dentatura/Skiving,643.0,43,43: KOEPFER 160/2,0,0,0,19.0,0,19.0,20.0,0.0,0.51,0.84,0.04,0.0416666666666666,0.4,1.02,2025-10-10 14:36:57,0.7916666666666666,1.0610526315789477
25023474,14019,1204600121.0,PC A100 A12,43,643.0,Prod.Dir.Dentatura/Skiving,643.0,43,43: KOEPFER 160/2,0,0,0,17.0,0,17.0,20.0,0.0,0.01,0.32,0.0,0.0241666666666666,0.4,1.01,2025-10-10 15:30:22,0.4108333333333333,0.7789046653144016
24016491,22048,1205044131.0,PC CM90 A12 *24,43,639.0,Prod.Dir.Viper Rett.Diam.,643.0,43,43: KOEPFER 160/2,0,0,0,17.0,0,17.0,12.0,0.0,0.61,1.47,0.78,0.0451666666666666,0.1,0.67,2025-10-10 22:35:20,0.7678333333333334,1.914477968309095
25023497,14019,1203004161.0,PC A35 C16,43,641.0,Prod.Dir.Dentatura Ingranaggi,643.0,43,43: KOEPFER 160/2,0,0,0,97.0,3,97.0,100.0,0.0,0.33,0.79,0.1,0.0081666666666666,1.67,1.0,2025-10-13 13:04:59,0.7921666666666666,0.9972648853355776
25018201,24044,1207100181.0,PC P71 C18,43,643.0,Prod.Dir.Dentatura/Skiving,643.0,43,43: KOEPFER 160/2,0,0,0,98.0,0,98.0,100.0,0.0,0.79,7.06,0.04,0.0888333333333333,3.67,1.01,2025-10-13 23:06:27,8.705666666666668,0.8109660374468736
25011773,20044,1203004101.0,PC A35 C09A,43,643.0,Prod.Dir.Dentatura/Skiving,643.0,43,43: KOEPFER 160/2,0,0,0,98.0,0,98.0,100.0,0.0,0.5,2.22,0.05,0.0275,2.5,1.01,2025-10-14 09:52:16,2.695,0.8237476808905382
25018202,24044,1207100091.0,PC P71 C9,43,643.0,Prod.Dir.Dentatura/Skiving,643.0,43,43: KOEPFER 160/2,0,0,0,287.0,2,287.0,287.0,0.0,0.61,10.49,0.14,0.0445,3.88,1.02,2025-10-14 22:32:55,12.7715,0.8213600595074972
25018142,24044,1204280161.0,PC A50 B16,43,642.0,Prod.Dir.Rettifica Prof.Ingr.,643.0,43,43: KOEPFER 160/2,0,0,0,180.0,1,180.0,180.0,0.0,0.65,4.56,0.86,0.0205,5.55,1.5,2025-10-15 15:27:39,3.69,1.235772357723577
25015756,24044,1207900111.0,PC P63 C11,43,642.0,Prod.Dir.Rettifica Prof.Ingr.,643.0,43,43: KOEPFER 160/2,0,0,0,133.0,0,133.0,131.0,0.0,1.36,5.4,0.2,0.0428333333333333,1.09,1.0,2025-10-16 13:08:26,5.696833333333332,0.9478950294022996
25019920,14019,1204240131.0,PC A50-60/O-P71/P90 A12A,43,643.0,Prod.Dir.Dentatura/Skiving,643.0,43,43: KOEPFER 160/2,0,0,0,264.0,0,264.0,267.0,0.0,0.2,2.95,1.04,0.0071666666666666,5.11,1.01,2025-10-16 18:13:11,1.892,1.5591966173361524
25020516,14019,1083000291.0,ALBERO MOTORE GR63 A16 AS,43,643.0,Prod.Dir.Dentatura/Skiving,643.0,43,43: KOEPFER 160/2,0,0,0,510.0,3,510.0,517.0,0.0,0.62,4.23,1.65,0.005,5.17,1.0,2025-10-20 14:45:48,2.5500000000000003,1.6588235294117648
25023795,16019,1204320106.0,PC A50 C10 N,43,643.0,Prod.Dir.Dentatura/Skiving,643.0,43,43: KOEPFER 160/2,0,0,0,646.0,0,646.0,649.0,0.0,0.41,8.83,0.54,0.0153333333333333,11.79,1.02,2025-10-21 00:23:15,9.905333333333331,0.8914389554448782
25024811,16017,1204440096.0,PC A60 C9 N,43,643.0,Prod.Dir.Dentatura/Skiving,643.0,43,43: KOEPFER 160/2,0,0,0,369.0,8,369.0,380.0,0.0,0.73,7.45,0.42,0.0228333333333333,8.23,1.01,2025-10-21 15:46:14,8.4255,0.8842205210373272
25013236,22044,1204600161.0,PC A100 A16,43,643.0,Prod.Dir.Dentatura/Skiving,643.0,43,43: KOEPFER 160/2,0,0,0,29.0,0,29.0,30.0,0.0,0.27,3.77,1.89,0.0668333333333333,0.65,1.02,2025-10-27 22:59:34,1.9381666666666664,1.945137157107232
25003499,20044,1200400111.0,PC A32 A11,43,643.0,Prod.Dir.Dentatura/Skiving,643.0,43,43: KOEPFER 160/2,0,7,0,293.0,4,300.0,300.0,0.0,1.45,8.55,0.92,0.0291666666666666,2.15,1.02,2025-10-28 18:32:59,8.75,0.9771428571428572
25007189,16019,1203063111.0,PC A41 C11,43,643.0,Prod.Dir.Dentatura/Skiving,643.0,43,43: KOEPFER 160/2,0,0,0,629.0,1,629.0,627.0,0.0,2.24,27.21,0.24,0.0445,3.46,1.02,2025-10-29 22:43:23,27.9905,0.9721155392008004
25019258,20044,1203002141.0,PC A35 A12A,43,643.0,Prod.Dir.Dentatura/Skiving,643.0,43,43: KOEPFER 160/2,0,0,0,69.0,0,69.0,70.0,0.0,0.84,4.27,0.86,0.0491666666666666,1.75,1.01,2025-10-30 10:09:52,3.3925000000000005,1.258658806190125
25018845,16019,1089910881.0,PC RX 712 OV1/OV2/P2/P3 C9,43,643.0,Prod.Dir.Dentatura/Skiving,643.0,43,43: KOEPFER 160/2,0,0,0,99.0,0,99.0,100.0,0.0,1.02,2.74,0.08,0.0321666666666666,2.83,1.02,2025-10-30 18:21:04,3.1844999999999994,0.860417647982415
25022426,14019,1204840101.0,PC A140 A10 AS,43,641.0,Prod.Dir.Dentatura Ingranaggi,643.0,43,43: KOEPFER 160/2,0,0,0,109.0,0,109.0,110.0,0.0,0.97,2.96,0.08,0.0316666666666666,2.2,1.0,2025-10-30 22:35:14,3.451666666666666,0.8575567358763884
25015760,16019,1089910901.0,PC RX 712 OV1/OV2/P2/P3 C11,43,643.0,Prod.Dir.Dentatura/Skiving,643.0,43,43: KOEPFER 160/2,0,0,0,391.0,0,391.0,400.0,0.0,0.98,12.01,2.46,0.0243333333333333,15.0,1.0,2025-10-31 18:08:34,9.514333333333331,1.262305994464492
25023489,16017,1207600091.0,PC P112 C09,43,643.0,Prod.Dir.Dentatura/Skiving,643.0,43,43: KOEPFER 160/2,0,0,0,41.0,0,41.0,40.0,0.0,0.86,2.09,0.03,0.0608333333333333,0.89,1.0,2025-10-31 21:42:57,2.494166666666666,0.8379552288673571
25019061,16019,1202602111.0,PC S45 C11,43,643.0,Prod.Dir.Dentatura/Skiving,643.0,43,43: KOEPFER 160/2,0,0,0,203.0,0,203.0,201.0,0.0,0.62,4.02,0.78,0.0165,1.68,1.5,2025-11-03 13:28:08,3.3495000000000004,1.2001791312136136
25010504,20044,1203002111.0,PC A35 A11,43,643.0,Prod.Dir.Dentatura/Skiving,643.0,43,43: KOEPFER 160/2,0,0,0,180.0,0,180.0,201.0,0.0,1.31,5.93,0.27,0.0371666666666666,1.44,1.02,2025-11-04 00:12:22,6.69,0.8863976083707025
25003727,20044,1203000091.0,PC A35 A09 3C,43,643.0,Prod.Dir.Dentatura/Skiving,643.0,43,43: KOEPFER 160/2,5,5,0,104.0,0,114.0,100.0,0.0,0.85,3.34,0.37,0.03,0.7,1.01,2025-11-04 11:31:09,3.4200000000000004,0.9766081871345028
25022059,22044,1203021101.0,PC A41 A10 3C,43,643.0,Prod.Dir.Dentatura/Skiving,643.0,43,43: KOEPFER 160/2,0,0,0,152.0,0,152.0,151.0,0.0,2.01,5.08,0.14,0.038,1.26,1.01,2025-11-04 16:50:10,5.776,0.8795013850415513
25015743,22044,1204120171.0,PC A40-50/O-P63/P71 A17,43,643.0,Prod.Dir.Dentatura/Skiving,643.0,43,43: KOEPFER 160/2,0,0,0,385.0,0,385.0,375.0,0.0,0.86,12.85,1.17,0.0301666666666666,4.37,1.01,2025-11-05 13:45:22,11.614166666666668,1.106407404749946
25022993,14019,1203002101.0,PC A35 A10,43,643.0,Prod.Dir.Dentatura/Skiving,643.0,43,43: KOEPFER 160/2,0,0,0,310.0,0,310.0,315.0,0.0,0.0,2.22,0.33,0.006,2.64,1.01,2025-11-05 17:45:13,1.86,1.1935483870967742
25025147,16017,1200200121.0,PC 63BP12,43,643.0,Prod.Dir.Dentatura/Skiving,643.0,43,43: KOEPFER 160/2,0,0,0,94.0,0,94.0,100.0,0.0,0.0,0.46,0.1,0.0038333333333333,0.67,1.02,2025-11-05 19:00:10,0.3603333333333333,1.2765957446808511
25027061,14019,1203000091.0,PC A35 A09 3C,43,643.0,Prod.Dir.Dentatura/Skiving,643.0,43,43: KOEPFER 160/2,0,0,0,78.0,0,78.0,80.0,0.0,0.27,0.6,0.2,0.0051666666666666,0.45,1.01,2025-11-05 20:26:09,0.403,1.4888337468982629
25020801,14019,1203002111.0,PC A35 A11,43,643.0,Prod.Dir.Dentatura/Skiving,643.0,43,43: KOEPFER 160/2,0,0,0,219.0,0,219.0,220.0,0.0,0.24,1.15,0.12,0.0056666666666666,1.47,1.02,2025-11-05 22:12:05,1.241,0.9266720386784848
25022155,14019,1203004101.0,PC A35 C09A,43,643.0,Prod.Dir.Dentatura/Skiving,643.0,43,43: KOEPFER 160/2,0,0,0,101.0,0,101.0,101.0,0.0,0.26,0.7,0.11,0.007,1.26,1.0,2025-11-05 23:36:22,0.707,0.99009900990099
25024811,24044,1204440096.0,PC A60 C9 N,43,643.0,Prod.Dir.Dentatura/Skiving,643.0,43,43: KOEPFER 160/2,0,0,0,397.0,2,397.0,380.0,0.0,1.14,16.93,3.35,0.0341666666666666,19.0,1.0,2025-11-07 08:54:48,13.564166666666663,1.24814154942557
25025027,22044,1201300211.0,PC 112 AP22,43,643.0,Prod.Dir.Dentatura/Skiving,643.0,43,43: KOEPFER 160/2,0,0,0,76.0,0,76.0,70.0,0.0,1.59,5.56,0.05,0.0866666666666666,1.75,1.01,2025-11-07 15:04:04,6.586666666666667,0.8441295546558704
25023636,14019,1083000951.0,ALBERO MOTORE C19 GR80 A12B AS,43,643.0,Prod.Dir.Dentatura/Skiving,643.0,43,43: KOEPFER 160/2,0,0,0,326.0,0,326.0,325.0,0.0,0.0,2.56,0.65,0.0058333333333333,5.41,1.0,2025-11-07 21:22:38,1.9016666666666664,1.346187554776512
25019997,22044,1089930581.0,PS EX10 Z10 IR7.2 PAM,43,643.0,Prod.Dir.Dentatura/Skiving,643.0,43,43: KOEPFER 160/2,0,0,0,204.0,0,204.0,483.0,0.0,0.92,12.06,0.33,0.0685,5.8,1.02,2025-11-10 20:48:56,13.974,0.8630313439244311
25002670,22044,1200400191.0,PC 80 AP19,43,643.0,Prod.Dir.Dentatura/Skiving,643.0,43,43: KOEPFER 160/2,0,0,0,104.0,0,104.0,100.0,0.0,1.39,3.66,0.76,0.0298333333333333,1.0,1.02,2025-11-11 07:27:48,3.1026666666666665,1.1796304254404817
25008483,22044,1200710111.0,PC 90 AP11,43,643.0,Prod.Dir.Dentatura/Skiving,643.0,43,43: KOEPFER 160/2,0,0,0,201.0,0,201.0,201.0,0.0,1.14,6.59,0.98,0.0278333333333333,1.68,1.02,2025-11-11 15:50:19,5.5945,1.17794262221825
25023570,26044,1089910831.0,PC RX 704 OV1 C19,43,643.0,Prod.Dir.Dentatura/Skiving,643.0,43,43: KOEPFER 160/2,0,0,0,63.0,0,63.0,60.0,0.0,1.15,4.6,0.87,0.059,2.51,1.51,2025-11-12 19:02:21,3.717,1.2375571697605594
25011772,24044,1207900231.0,PC P63 C23,43,643.0,Prod.Dir.Dentatura/Skiving,643.0,43,43: KOEPFER 160/2,0,0,0,101.0,2,101.0,100.0,0.0,1.84,8.68,0.11,0.0846666666666666,2.5,1.0,2025-11-13 08:42:54,8.551333333333334,1.0150463865284165
25019819,22044,1203070111.0,PC A45 A11 3C,43,643.0,Prod.Dir.Dentatura/Skiving,643.0,43,43: KOEPFER 160/2,0,0,15,145.0,4,160.0,151.0,0.0,3.24,7.04,2.29,0.0295,3.14,1.02,2025-11-13 17:50:51,4.720000000000001,1.4915254237288134
25019656,26044,1205042111.0,PC CM71 A10 *11,43,643.0,Prod.Dir.Dentatura/Skiving,643.0,43,43: KOEPFER 160/2,0,0,0,270.0,2,270.0,231.0,0.0,0.69,11.74,5.81,0.0218333333333333,0.0,0.0,2025-11-17 08:41:50,5.895,1.9915182357930448
25019410,26044,1201901001.0,PC ID250 USCITA Z=12 AS,43,643.0,Prod.Dir.Dentatura/Skiving,643.0,43,43: KOEPFER 160/2,0,0,0,984.0,4,984.0,990.0,0.0,0.76,41.66,4.11,0.038,16.49,1.01,2025-11-19 13:10:06,37.392,1.1141420624732563
25014485,28044,1202600171.0,PC S45 A17,43,643.0,Prod.Dir.Dentatura/Skiving,643.0,43,43: KOEPFER 160/2,0,1,0,255.0,2,256.0,254.0,0.0,3.21,28.75,1.29,0.1071666666666666,3.6,1.02,2025-11-20 20:31:24,27.434666666666665,1.047944206842924
25021404,22044,1201901031.0,PC ID125 USCITA Z=12 AS,43,643.0,Prod.Dir.Dentatura/Skiving,643.0,43,43: KOEPFER 160/2,0,0,0,539.0,0,539.0,920.0,0.0,2.04,14.5,1.02,0.0295,6.44,1.02,2025-11-21 22:28:21,15.9005,0.911921008773309
25000125,18017,1089995351.0,PC GM5000 A18 *17X34 AS,43,643.0,Prod.Dir.Dentatura/Skiving,643.0,43,43: KOEPFER 160/2,0,0,0,101.0,0,101.0,101.0,0.0,0.61,2.01,0.97,0.01,1.72,1.02,2025-11-24 20:55:21,1.01,1.9900990099009896
25023593,16019,1089930271.0,PS EX50 Z18 IR5.33,43,643.0,Prod.Dir.Dentatura/Skiving,643.0,43,43: KOEPFER 160/2,0,0,0,312.0,0,312.0,315.0,0.0,1.32,6.35,1.19,0.0165,9.5,1.01,2025-11-25 11:57:37,5.148000000000001,1.2334887334887332
25021196,22044,1089930891.0,PS EX50 Z12 IR7.5 PAM,43,643.0,Prod.Dir.Dentatura/Skiving,643.0,43,43: KOEPFER 160/2,0,0,0,23.0,0,23.0,20.0,0.0,1.56,2.76,1.45,0.0568333333333333,0.97,1.01,2025-11-25 16:48:09,1.3071666666666666,2.1114369501466275
25019918,24044,1089959451.0,PS EX20 Z25 IR3.48 *28/45 AS,43,643.0,Prod.Dir.Dentatura/Skiving,643.0,43,43: KOEPFER 160/2,0,0,0,8.0,0,8.0,5.0,0.0,0.1,0.88,0.14,0.0893333333333333,0.42,1.01,2025-11-25 19:13:23,0.7146666666666667,1.2313432835820894
25023913,24044,1089959451.0,PS EX20 Z25 IR3.48 *28/45 AS,43,643.0,Prod.Dir.Dentatura/Skiving,643.0,43,43: KOEPFER 160/2,0,0,0,3.0,0,3.0,10.0,0.0,0.21,0.33,0.16,0.1236666666666666,0.84,1.01,2025-11-25 19:37:15,0.371,0.8894878706199462
25019993,24044,1089945001.0,PS EX20 Z19 IR4.26 *28 AS,43,643.0,Prod.Dir.Dentatura/Skiving,643.0,43,43: KOEPFER 160/2,0,0,0,11.0,0,11.0,10.0,0.0,0.65,1.56,0.55,0.094,0.42,1.02,2025-11-25 21:21:21,1.034,1.5087040618955512
25016233,22044,1089930631.0,PS EX30 Z15 IR6.2,43,643.0,Prod.Dir.Dentatura/Skiving,643.0,43,43: KOEPFER 160/2,0,0,0,201.0,0,201.0,200.0,0.0,0.83,8.79,0.18,0.0426666666666666,8.97,1.02,2025-11-26 15:05:19,8.576,1.0249533582089552
25019061,26044,1202602111.0,PC S45 C11,43,643.0,Prod.Dir.Dentatura/Skiving,643.0,43,43: KOEPFER 160/2,0,0,0,194.0,0,194.0,201.0,0.0,1.61,15.84,1.93,0.0715,1.68,1.0,2025-11-27 17:25:29,13.871,1.1419508326724823
25023601,20044,1089930571.0,PS EX10 Z25 IR3.48,43,643.0,Prod.Dir.Dentatura/Skiving,643.0,43,43: KOEPFER 160/2,0,0,0,247.0,4,247.0,252.0,0.0,2.4,14.18,1.22,0.0523333333333333,10.53,1.5,2025-11-28 14:15:44,12.926333333333334,1.0969854818329507
25023795,24044,1204320106.0,PC A50 C10 N,43,643.0,Prod.Dir.Dentatura/Skiving,643.0,43,43: KOEPFER 160/2,0,0,0,652.0,3,652.0,649.0,0.0,1.65,26.35,0.88,0.039,12.44,1.01,2025-12-02 14:31:02,25.428,1.0362592417807142
25025056,16020,1089930261.0,PS EX50 Z24 IR4.25,43,643.0,Prod.Dir.Dentatura/Skiving,643.0,43,43: KOEPFER 160/2,0,0,0,71.0,0,71.0,270.0,0.0,0.47,3.8,0.27,0.0593333333333333,7.2,1.0,2025-12-02 21:08:23,4.212666666666667,0.902041462256686
25023476,16017,1204640161.0,PC A100 B16,43,643.0,Prod.Dir.Dentatura/Skiving,643.0,43,43: KOEPFER 160/2,0,0,0,95.0,0,95.0,120.0,0.0,0.89,1.52,0.16,0.0161666666666666,2.71,1.02,2025-12-03 11:03:27,1.5358333333333332,0.9896907216494848
25023783,14019,1089930591.0,PS EX10 Z13 IR5.77 PAM,43,643.0,Prod.Dir.Dentatura/Skiving,643.0,43,43: KOEPFER 160/2,0,0,0,246.0,1,246.0,250.0,0.0,3.6,5.85,0.72,0.0226666666666666,9.38,1.0,2025-12-03 17:31:19,5.5760000000000005,1.0491391678622668
25030211,14019,1089942721.0,PS EX10 Z13 IR5.77 X Z0,43,643.0,Prod.Dir.Dentatura/Skiving,643.0,43,43: KOEPFER 160/2,0,0,0,42.0,0,42.0,41.0,0.0,0.19,0.64,0.11,0.0133333333333333,0.49,1.01,2025-12-03 21:36:39,0.56,1.1428571428571428
25023497,20044,1203004161.0,PC A35 C16,43,643.0,Prod.Dir.Dentatura/Skiving,643.0,43,43: KOEPFER 160/2,0,0,0,99.0,1,99.0,100.0,0.0,0.88,5.66,0.06,0.0703333333333333,3.0,1.02,2025-12-04 14:09:56,6.963,0.8128680166594858
25023353,22044,1204480121.0,PC A80-100/O-P112/P132 A12,43,643.0,Prod.Dir.Dentatura/Skiving,643.0,43,43: KOEPFER 160/2,0,0,0,107.0,0,107.0,100.0,0.0,1.34,7.26,3.37,0.036,1.83,1.02,2025-12-05 11:43:12,3.852,1.884735202492212
25023796,16019,1204320126.0,PC A50 C12 N,43,643.0,Prod.Dir.Dentatura/Skiving,643.0,43,43: KOEPFER 160/2,0,0,0,325.0,0,325.0,330.0,0.0,1.39,3.28,0.35,0.0105,5.83,1.02,2025-12-09 13:09:59,3.4125,0.9611721611721612
25022336,16017,1089995931.0,PC GM2000 A13 *15X30 AS,43,643.0,Prod.Dir.Dentatura/Skiving,643.0,43,43: KOEPFER 160/2,0,0,0,101.0,0,101.0,101.0,0.0,1.04,2.89,0.73,0.0213333333333333,2.14,1.02,2025-12-09 16:47:44,2.1546666666666665,1.3412747524752475
25022993,20044,1203002101.0,PC A35 A10,43,643.0,Prod.Dir.Dentatura/Skiving,643.0,43,43: KOEPFER 160/2,0,0,0,321.0,0,321.0,315.0,0.0,1.14,6.6,1.23,0.0175,2.1,1.02,2025-12-10 16:03:01,5.617500000000001,1.1748998664886514
25018200,24044,1207300111.0,PC P90 C11,43,643.0,Prod.Dir.Dentatura/Skiving,643.0,43,43: KOEPFER 160/2,0,0,0,84.0,0,84.0,416.0,0.0,0.59,3.36,1.8,0.0181666666666666,7.01,1.02,2025-12-16 15:30:59,1.526,2.201834862385321
25017478,24044,1083003451.0,ALBERO MOTORE GR63 A15 NPF AS,43,643.0,Prod.Dir.Dentatura/Skiving,643.0,43,43: KOEPFER 160/2,0,0,0,118.0,1,118.0,115.0,0.0,1.96,4.66,1.05,0.0318333333333333,1.95,1.02,2025-12-17 13:34:12,3.756333333333333,1.2405714792794391
25023636,24044,1083000951.0,ALBERO MOTORE C19 GR80 A12B AS,43,643.0,Prod.Dir.Dentatura/Skiving,643.0,43,43: KOEPFER 160/2,0,0,0,325.0,0,325.0,325.0,0.0,1.57,17.93,1.78,0.0496666666666666,8.13,1.0,2025-12-18 16:42:57,16.141666666666666,1.11078988125968
25023604,16019,1089930641.0,PS EX30 Z18 IR5.33,43,643.0,Prod.Dir.Dentatura/Skiving,643.0,43,43: KOEPFER 160/2,0,0,0,188.0,0,188.0,210.0,0.0,3.2,5.8,0.68,0.0298333333333333,2.98,1.0,2025-12-19 00:07:12,5.608666666666666,1.0341138713895164
25022155,20044,1203004101.0,PC A35 C09A,43,643.0,Prod.Dir.Dentatura/Skiving,643.0,43,43: KOEPFER 160/2,0,5,0,98.0,0,103.0,101.0,0.0,0.9,4.98,1.86,0.03,2.53,1.01,2025-12-19 19:59:09,3.0900000000000003,1.6116504854368932
25024944,16019,1089930281.0,PS EX50 Z15 IR6.2,43,643.0,Prod.Dir.Dentatura/Skiving,643.0,43,43: KOEPFER 160/2,0,0,0,152.0,0,152.0,153.0,0.0,0.89,5.36,0.13,0.0343333333333333,3.86,1.01,2025-12-22 15:03:08,5.218666666666667,1.027082268778743
25023488,16017,1207000121.0,PC P71 B12,43,643.0,Prod.Dir.Dentatura/Skiving,643.0,43,43: KOEPFER 160/2,0,0,0,99.0,0,99.0,100.0,0.0,0.18,0.53,0.08,0.0055,1.0,1.01,2025-12-22 20:25:46,0.5445000000000001,0.9733700642791552
25029069,22044,1200400271.0,PC 80 AP27,43,643.0,Prod.Dir.Dentatura/Skiving,643.0,43,43: KOEPFER 160/2,0,0,0,24.0,0,24.0,25.0,0.0,0.75,1.47,0.02,0.0736666666666666,0.25,1.01,2026-01-07 11:50:15,1.7680000000000002,0.8314479638009048
25025243,24044,1083003601.0,ALBERO MOTORE GR71 A13A AS,43,643.0,Prod.Dir.Dentatura/Skiving,643.0,43,43: KOEPFER 160/2,0,5,0,65.0,0,70.0,72.0,0.0,2.1,5.16,1.69,0.0491666666666666,0.9,0.5,2026-01-07 19:58:34,3.441666666666667,1.499273607748184
25016448,22044,1204120101.0,PC A40-50/O-P63/P71 A10,43,643.0,Prod.Dir.Dentatura/Skiving,643.0,43,43: KOEPFER 160/2,0,0,0,201.0,0,201.0,201.0,0.0,0.93,5.03,0.1,0.0295,1.58,1.01,2026-01-08 15:09:53,5.9295,0.8483008685386627
25023600,20044,1089930561.0,PS EX10 Z19 IR4.26,43,643.0,Prod.Dir.Dentatura/Skiving,643.0,43,43: KOEPFER 160/2,0,0,0,242.0,2,242.0,240.0,0.0,1.52,12.59,4.04,0.0351666666666666,9.2,1.02,2026-01-12 23:39:03,8.510333333333334,1.4793780110453958
25019997,22044,1089930581.0,PS EX10 Z10 IR7.2 PAM,43,643.0,Prod.Dir.Dentatura/Skiving,643.0,43,43: KOEPFER 160/2,0,0,0,275.0,0,275.0,483.0,0.0,1.18,8.14,0.59,0.0273333333333333,5.8,1.02,2026-01-14 08:29:55,7.516666666666666,1.082926829268293
25023290,20044,1201600151.0,PC 132 AP15,43,643.0,Prod.Dir.Dentatura/Skiving,643.0,43,43: KOEPFER 160/2,0,0,0,104.0,0,104.0,101.0,0.0,1.95,5.54,0.08,0.0635,1.57,1.02,2026-01-14 14:43:06,6.604,0.838885523924894
25024944,20044,1089930281.0,PS EX50 Z15 IR6.2,43,643.0,Prod.Dir.Dentatura/Skiving,643.0,43,43: KOEPFER 160/2,0,0,0,156.0,0,156.0,153.0,0.0,1.23,7.8,0.07,0.0605,6.4,1.01,2026-01-16 18:28:32,9.438,0.8264462809917357
25019623,16019,1200300161.0,PC 63CP16,43,643.0,Prod.Dir.Dentatura/Skiving,643.0,43,43: KOEPFER 160/2,0,0,0,619.0,0,619.0,617.0,0.0,0.27,3.18,0.62,0.004,4.63,1.02,2026-01-19 08:02:54,2.476,1.284329563812601
25023322,14017,1204000111.0,PC A40 A12A 3C,43,643.0,Prod.Dir.Dentatura/Skiving,643.0,43,43: KOEPFER 160/2,0,0,0,570.0,0,570.0,583.0,0.0,1.01,3.56,0.47,0.0063333333333333,10.69,1.01,2026-01-19 13:15:24,3.61,0.9861495844875346
25023499,14019,1203002111.0,PC A35 A11,43,643.0,Prod.Dir.Dentatura/Skiving,643.0,43,43: KOEPFER 160/2,0,0,0,189.0,0,189.0,250.0,0.0,1.12,1.89,0.35,0.0091666666666666,1.67,1.02,2026-01-19 15:43:46,1.7325,1.0909090909090908
25030211,20044,1089942721.0,PS EX10 Z13 IR5.77 X Z0,43,643.0,Prod.Dir.Dentatura/Skiving,643.0,43,43: KOEPFER 160/2,0,0,0,39.0,0,39.0,41.0,0.0,0.24,1.26,0.28,0.026,0.54,1.01,2026-01-19 21:07:51,1.014,1.242603550295858
25023566,18019,1202600141.0,PC S45 A14,43,643.0,Prod.Dir.Dentatura/Skiving,643.0,43,43: KOEPFER 160/2,0,0,0,83.0,0,83.0,100.0,0.0,0.29,1.18,0.2,0.0126666666666666,1.45,1.02,2026-01-19 23:30:40,1.0513333333333332,1.122384273937857
25031889,14017,1200100191.0,PC 63AP18,43,643.0,Prod.Dir.Dentatura/Skiving,643.0,43,43: KOEPFER 160/2,0,0,0,44.0,0,44.0,101.0,0.0,0.23,0.44,0.12,0.008,0.71,1.02,2026-01-20 00:18:22,0.352,1.25
25023599,22044,1089930531.0,PS EX20 Z25 IR3.48,43,643.0,Prod.Dir.Dentatura/Skiving,643.0,43,43: KOEPFER 160/2,0,0,0,243.0,0,243.0,250.0,0.0,1.07,15.88,0.08,0.076,13.75,1.0,2026-01-21 00:28:08,18.468,0.8598657136668832
25023783,22044,1089930591.0,PS EX10 Z13 IR5.77 PAM,43,642.0,Prod.Dir.Rettifica Prof.Ingr.,643.0,43,43: KOEPFER 160/2,4,4,0,246.0,3,254.0,250.0,0.0,2.15,6.31,0.77,0.0246666666666666,14.58,1.0,2026-01-21 15:42:44,6.265333333333333,1.007129176420515
25023942,20044,1089930521.0,PS EX20 Z19 IR4.26,43,643.0,Prod.Dir.Dentatura/Skiving,643.0,43,43: KOEPFER 160/2,0,0,0,303.0,25.023.604,303.0,300.0,0.0,1.04,14.27,0.48,0.0455,6.5,1.01,2026-01-22 09:25:26,13.7865,1.035070540021035
25030177,24044,1083003421.0,ALBERO MOTORE GR71 A12B AS,43,643.0,Prod.Dir.Dentatura/Skiving,643.0,43,43: KOEPFER 160/2,0,0,0,542.0,536,542.0,1.08,0.0,0.64,15.83,1.48,0.0263333333333333,27.0,1.0,2026-01-26 11:23:19,14.272666666666666,1.109112989864076
25021404,22044,1201901031.0,PC ID125 USCITA Z=12 AS,43,643.0,Prod.Dir.Dentatura/Skiving,643.0,43,43: KOEPFER 160/2,0,0,0,383.0,0,383.0,920.0,0.0,0.91,4.77,0.25,0.0143333333333333,6.44,1.02,2026-01-26 19:24:45,5.4896666666666665,0.8689052158601007
25029089,14019,1083003421.0,ALBERO MOTORE GR71 A12B AS,43,643.0,Prod.Dir.Dentatura/Skiving,643.0,43,43: KOEPFER 160/2,0,0,0,843.0,0,843.0,856.0,0.0,1.04,9.2,4.77,0.0051666666666666,3.56,1.0,2026-01-27 22:01:56,4.3555,2.1122718402020437
25023355,22044,1204480181.0,PC A80-100/O-P112/P132 A18,43,643.0,Prod.Dir.Dentatura/Skiving,643.0,43,43: KOEPFER 160/2,0,11,0,102.0,0,113.0,100.0,0.0,3.87,16.09,6.9,0.0806666666666666,5.53,1.02,2026-01-30 13:16:38,9.115333333333332,1.7651576098881008
25015895,26044,1202602101.0,PC S45 C10,43,643.0,Prod.Dir.Dentatura/Skiving,643.0,43,43: KOEPFER 160/2,0,4,0,86.0,4,90.0,100.0,0.0,2.61,4.34,1.41,0.0321666666666666,0.0,0.0,2026-02-02 15:56:24,2.895,1.4991364421416236
25023602,22044,1089930611.0,PS EX10 Z25 IR3.48 PAM,43,643.0,Prod.Dir.Dentatura/Skiving,643.0,43,43: KOEPFER 160/2,0,0,0,149.0,0,149.0,150.0,0.0,1.7,15.54,0.06,0.1038333333333333,2.5,1.01,2026-02-04 07:15:09,15.471166666666669,1.0044491365658696
25001684,24044,1089990331.0,PC GM3000 A13 *15X30 AS,43,643.0,Prod.Dir.Dentatura/Skiving,643.0,43,43: KOEPFER 160/2,6,6,0,826.0,0,838.0,800.0,0.0,1.59,54.3,9.38,0.0535,18.0,1.02,2026-02-09 10:58:59,44.833,1.2111614212745077
25033094,14019,1089930581.0,PS EX10 Z10 IR7.2 PAM,43,643.0,Prod.Dir.Dentatura/Skiving,643.0,43,43: KOEPFER 160/2,0,0,0,357.0,0,357.0,400.0,0.0,0.0,2.43,0.1,0.0081666666666666,1.67,1.02,2026-02-09 16:52:42,2.9155,0.8334762476419141
25023610,22044,1203072091.0,PC A45 C09,43,643.0,Prod.Dir.Dentatura/Skiving,643.0,43,43: KOEPFER 160/2,0,0,0,242.0,1,242.0,239.0,0.0,0.85,6.16,0.38,0.0285,2.58,1.02,2026-02-10 14:33:56,6.897,0.8931419457735247
25029217,14019,1089930391.0,PS EX20 Z10 IR7.2 PAM,43,643.0,Prod.Dir.Dentatura/Skiving,643.0,43,43: KOEPFER 160/2,0,0,0,112.0,0,112.0,120.0,0.0,0.67,1.86,0.16,0.0176666666666666,1.05,1.02,2026-02-10 16:57:36,1.9786666666666668,0.9400269541778976
25023342,24044,1204280121.0,PC A50 B12,43,643.0,Prod.Dir.Dentatura/Skiving,643.0,43,43: KOEPFER 160/2,0,4,0,590.0,38,594.0,616.0,0.0,0.5,13.41,1.3,0.0203333333333333,3.58,1.0,2026-02-11 22:15:58,12.078,1.1102831594634874
25023483,24044,1207200121.0,PC P90 B12,43,643.0,Prod.Dir.Dentatura/Skiving,643.0,43,43: KOEPFER 160/2,0,0,0,966.0,0,966.0,1.34,357.0,0.86,46.88,12.35,0.0356666666666666,15.85,1.02,2026-02-17 15:11:19,34.454,1.3606547860916005
25024098,14019,1204360111.0,PC A60-80/O-P90/P112 A12A,43,643.0,Prod.Dir.Dentatura/Skiving,643.0,43,43: KOEPFER 160/2,0,0,0,68.0,0,68.0,70.0,0.0,0.0,0.81,0.01,0.0115,0.76,1.01,2026-02-17 17:50:42,0.782,1.0358056265984654
25019744,24044,1089910861.0,PC RX 708-712/OVP2P3-OV2P3 C11,43,643.0,Prod.Dir.Dentatura/Skiving,643.0,43,43: KOEPFER 160/2,0,0,0,93.0,0,93.0,100.0,0.0,1.4,6.13,0.61,0.0696666666666666,2.25,1.02,2026-02-18 00:16:56,6.479,0.9461336626022534
26001524,14019,1204480191.0,PC A80-100/O-P112/P132 A19,43,643.0,Prod.Dir.Dentatura/Skiving,643.0,43,43: KOEPFER 160/2,0,0,0,77.0,0,77.0,80.0,0.0,0.22,0.94,0.05,0.0115,1.31,1.02,2026-02-18 13:26:47,0.8855,1.0615471485036705
25023589,16019,1202610111.0,PC S35 C11,43,643.0,Prod.Dir.Dentatura/Skiving,643.0,43,43: KOEPFER 160/2,0,0,0,295.0,0,295.0,301.0,0.0,0.12,3.83,0.27,0.012,8.52,1.01,2026-02-18 19:58:26,3.54,1.0819209039548023
25023449,22044,1204120241.0,PC A40-50/O-P63/P71 A24,43,643.0,Prod.Dir.Dentatura/Skiving,643.0,43,43: KOEPFER 160/2,0,0,0,113.0,0,113.0,110.0,10.0,1.65,7.64,2.99,0.0408333333333333,4.58,1.0,2026-02-19 13:40:18,4.614166666666668,1.655770272710854
25023322,22044,1204000111.0,PC A40 A12A 3C,43,643.0,Prod.Dir.Dentatura/Skiving,643.0,43,43: KOEPFER 160/2,0,0,0,291.0,3,291.0,583.0,0.0,0.03,10.15,0.1,0.0431666666666666,12.63,1.0,2026-02-20 18:17:01,12.5615,0.8080245193647255
25006477,18019,1202608321.0,PC S35 A32,43,643.0,Prod.Dir.Dentatura/Skiving,643.0,43,43: KOEPFER 160/2,0,0,0,109.0,0,109.0,108.0,108.0,1.43,4.34,0.93,0.0325,2.7,1.02,2026-02-23 13:03:08,3.5425,1.2251235003528582
25023941,16019,1202610121.0,PC S35 C12,43,643.0,Prod.Dir.Dentatura/Skiving,643.0,43,43: KOEPFER 160/2,0,0,0,173.0,0,173.0,210.0,210.0,0.33,1.48,0.2,0.0085,11.66,1.02,2026-02-23 15:37:43,1.4705,1.0064603876232572
25027881,14019,1204120201.0,PC A40-50/O-P63/P71 A20,43,643.0,Prod.Dir.Dentatura/Skiving,643.0,43,43: KOEPFER 160/2,0,0,0,90.0,0,90.0,91.0,91.0,0.38,1.2,0.06,0.015,0.76,1.02,2026-02-23 17:29:05,1.35,0.8888888888888888
